1.1.1.1,"Alcoholdehydrogenase"
1.1.1.10,"L-xylulosereductase"
1.1.1.100,"3-oxoacyl-[acyl-carrier-protein]reductase"
1.1.1.101,"Acylglycerone-phosphatereductase"
1.1.1.102,"3-dehydrosphinganinereductase"
1.1.1.103,"L-threonine3-dehydrogenase"
1.1.1.105,"Retinoldehydrogenase"
1.1.1.107,"Pyridoxal4-dehydrogenase"
1.1.1.11,"D-arabinitol4-dehydrogenase"
1.1.1.116,"D-arabinose1-dehydrogenase"
1.1.1.117,"D-arabinose1-dehydrogenase(NAD(P)(+))"
1.1.1.124,"Fructose5-dehydrogenase(NADP(+))"
1.1.1.125,"2-deoxy-D-gluconate3-dehydrogenase"
1.1.1.130,"3-dehydro-L-gulonate2-dehydrogenase"
1.1.1.132,"GDP-mannose6-dehydrogenase"
1.1.1.133,"dTDP-4-dehydrorhamnosereductase"
1.1.1.137,"Ribitol-5-phosphate2-dehydrogenase"
1.1.1.138,"Mannitol2-dehydrogenase(NADP(+))"
1.1.1.14,"L-iditol2-dehydrogenase"
1.1.1.140,"Sorbitol-6-phosphate2-dehydrogenase"
1.1.1.141,"15-hydroxyprostaglandindehydrogenase(NAD(+))"
1.1.1.145,"3-beta-hydroxy-Delta(5)-steroiddehydrogenase"
1.1.1.146,"11-beta-hydroxysteroiddehydrogenase"
1.1.1.149,"20-alpha-hydroxysteroiddehydrogenase"
1.1.1.153,"Sepiapterinreductase"
1.1.1.154,"Ureidoglycolatedehydrogenase"
1.1.1.157,"3-hydroxybutyryl-CoAdehydrogenase"
1.1.1.158,"UDP-N-acetylmuramatedehydrogenase"
1.1.1.159,"7-alpha-hydroxysteroiddehydrogenase"
1.1.1.162,"Erythrulosereductase"
1.1.1.163,"Cyclopentanoldehydrogenase"
1.1.1.169,"2-dehydropantoate2-reductase"
1.1.1.17,"Mannitol-1-phosphate5-dehydrogenase"
1.1.1.170,"Sterol-4-alpha-carboxylate3-dehydrogenase(decarboxylating)"
1.1.1.175,"D-xylose1-dehydrogenase"
1.1.1.176,"12-alpha-hydroxysteroiddehydrogenase"
1.1.1.178,"3-hydroxy-2-methylbutyryl-CoAdehydrogenase"
1.1.1.179,"D-xylose1-dehydrogenase(NADP(+))"
1.1.1.18,"Inositol2-dehydrogenase"
1.1.1.181,"Cholest-5-ene-3-beta,7-alpha-diol3-beta-dehydrogenase"
1.1.1.183,"Geranioldehydrogenase"
1.1.1.184,"Carbonylreductase(NADPH)"
1.1.1.188,"Prostaglandin-Fsynthase"
1.1.1.189,"Prostaglandin-E(2)9-reductase"
1.1.1.190,"Indole-3-acetaldehydereductase(NADH)"
1.1.1.191,"Indole-3-acetaldehydereductase(NADPH)"
1.1.1.193,"5-amino-6-(5-phosphoribosylamino)uracilreductase"
1.1.1.195,"Cinnamyl-alcoholdehydrogenase"
1.1.1.197,"15-hydroxyprostaglandindehydrogenase(NADP(+))"
1.1.1.2,"Alcoholdehydrogenase(NADP(+))"
1.1.1.200,"Aldose-6-phosphatereductase(NADPH)"
1.1.1.202,"1,3-propanedioldehydrogenase"
1.1.1.205,"IMPdehydrogenase"
1.1.1.206,"TropinonereductaseI"
1.1.1.208,"(+)-neomentholdehydrogenase"
1.1.1.21,"Aldehydereductase"
1.1.1.211,"Long-chain-3-hydroxyacyl-CoAdehydrogenase"
1.1.1.213,"3-alpha-hydroxysteroiddehydrogenase(A-specific)"
1.1.1.215,"Gluconate2-dehydrogenase"
1.1.1.218,"Morphine6-dehydrogenase"
1.1.1.219,"Dihydrokaempferol4-reductase"
1.1.1.22,"UDP-glucose6-dehydrogenase"
1.1.1.225,"Chlordeconereductase"
1.1.1.23,"Histidinoldehydrogenase"
1.1.1.233,"N-acylmannosamine1-dehydrogenase"
1.1.1.234,"Flavanone4-reductase"
1.1.1.236,"TropinonereductaseII"
1.1.1.24,"Quinatedehydrogenase"
1.1.1.244,"Methanoldehydrogenase"
1.1.1.25,"Shikimatedehydrogenase"
1.1.1.250,"D-arabinitol2-dehydrogenase"
1.1.1.251,"Galactitol-1-phosphate5-dehydrogenase"
1.1.1.252,"Tetrahydroxynaphthalenereductase"
1.1.1.255,"Mannitoldehydrogenase"
1.1.1.26,"Glyoxylatereductase"
1.1.1.261,"Glycerol-1-phosphatedehydrogenase(NAD(P)(+))"
1.1.1.262,"4-hydroxythreonine-4-phosphatedehydrogenase"
1.1.1.263,"1,5-anhydro-D-fructosereductase"
1.1.1.264,"L-idonate5-dehydrogenase"
1.1.1.267,"1-deoxy-D-xylulose-5-phosphatereductoisomerase"
1.1.1.268,"2-(R)-hydroxypropyl-CoMdehydrogenase"
1.1.1.269,"2-(S)-hydroxypropyl-CoMdehydrogenase"
1.1.1.27,"L-lactatedehydrogenase"
1.1.1.270,"3-keto-steroidreductase"
1.1.1.271,"GDP-L-fucosesynthase"
1.1.1.272,"(R)-2-hydroxyaciddehydrogenase"
1.1.1.274,"2,5-didehydrogluconatereductase"
1.1.1.276,"Serine3-dehydrogenase"
1.1.1.28,"D-lactatedehydrogenase"
1.1.1.282,"Quinate/shikimatedehydrogenase"
1.1.1.283,"Methylglyoxalreductase(NADPH-dependent)"
1.1.1.284,"S-(hydroxymethyl)glutathionedehydrogenase"
1.1.1.288,"Xanthoxindehydrogenase"
1.1.1.289,"Sorbosereductase"
1.1.1.29,"Glyceratedehydrogenase"
1.1.1.290,"4-phosphoerythronatedehydrogenase"
1.1.1.3,"Homoserinedehydrogenase"
1.1.1.30,"3-hydroxybutyratedehydrogenase"
1.1.1.31,"3-hydroxyisobutyratedehydrogenase"
1.1.1.34,"Hydroxymethylglutaryl-CoAreductase(NADPH)"
1.1.1.35,"3-hydroxyacyl-CoAdehydrogenase"
1.1.1.36,"Acetoacetyl-CoAreductase"
1.1.1.37,"Malatedehydrogenase"
1.1.1.38,"Malatedehydrogenase(oxaloacetate-decarboxylating)"
1.1.1.39,"Malatedehydrogenase(decarboxylating)"
1.1.1.4,"(R,R)-butanedioldehydrogenase"
1.1.1.40,"Malatedehydrogenase(oxaloacetate-decarboxylating)(NADP(+))"
1.1.1.41,"Isocitratedehydrogenase(NAD(+))"
1.1.1.42,"Isocitratedehydrogenase(NADP(+))"
1.1.1.44,"Phosphogluconatedehydrogenase(decarboxylating)"
1.1.1.47,"Glucose1-dehydrogenase"
1.1.1.48,"Galactose1-dehydrogenase"
1.1.1.49,"Glucose-6-phosphatedehydrogenase"
1.1.1.5,"Acetoindehydrogenase"
1.1.1.50,"3-alpha-hydroxysteroiddehydrogenase(B-specific)"
1.1.1.51,"3(or17)-beta-hydroxysteroiddehydrogenase"
1.1.1.53,"3-alpha-(or20-beta)-hydroxysteroiddehydrogenase"
1.1.1.56,"Ribitol2-dehydrogenase"
1.1.1.57,"Fructuronatereductase"
1.1.1.58,"Tagaturonatereductase"
1.1.1.6,"Glyceroldehydrogenase"
1.1.1.60,"2-hydroxy-3-oxopropionatereductase"
1.1.1.61,"4-hydroxybutyratedehydrogenase"
1.1.1.62,"Estradiol17-beta-dehydrogenase"
1.1.1.63,"Testosterone17-beta-dehydrogenase"
1.1.1.64,"Testosterone17-beta-dehydrogenase(NADP(+))"
1.1.1.65,"Pyridoxine4-dehydrogenase"
1.1.1.67,"Mannitol2-dehydrogenase"
1.1.1.69,"Gluconate5-dehydrogenase"
1.1.1.72,"Glyceroldehydrogenase(NADP(+))"
1.1.1.73,"Octanoldehydrogenase"
1.1.1.77,"Lactaldehydereductase"
1.1.1.79,"Glyoxylatereductase(NADP(+))"
1.1.1.8,"Glycerol-3-phosphatedehydrogenase(NAD(+))"
1.1.1.81,"Hydroxypyruvatereductase"
1.1.1.82,"Malatedehydrogenase(NADP(+))"
1.1.1.83,"D-malatedehydrogenase(decarboxylating)"
1.1.1.85,"3-isopropylmalatedehydrogenase"
1.1.1.86,"Ketol-acidreductoisomerase"
1.1.1.87,"Homoisocitratedehydrogenase"
1.1.1.88,"Hydroxymethylglutaryl-CoAreductase"
1.1.1.9,"D-xylulosereductase"
1.1.1.90,"Aryl-alcoholdehydrogenase"
1.1.1.91,"Aryl-alcoholdehydrogenase(NADP(+))"
1.1.1.93,"Tartratedehydrogenase"
1.1.1.94,"Glycerol-3-phosphatedehydrogenase(NAD(P)(+))"
1.1.1.95,"Phosphoglyceratedehydrogenase"
1.1.2.3,"L-lactatedehydrogenase(cytochrome)"
1.1.2.4,"D-lactatedehydrogenase(cytochrome)"
1.1.3.10,"Pyranoseoxidase"
1.1.3.12,"Pyridoxine4-oxidase"
1.1.3.13,"Alcoholoxidase"
1.1.3.15,"(S)-2-hydroxy-acidoxidase"
1.1.3.17,"Cholineoxidase"
1.1.3.21,"Glycerol-3-phosphateoxidase"
1.1.3.37,"D-arabinono-1,4-lactoneoxidase"
1.1.3.38,"Vanillyl-alcoholoxidase"
1.1.3.4,"Glucoseoxidase"
1.1.3.41,"Alditoloxidase"
1.1.3.6,"Cholesteroloxidase"
1.1.3.8,"L-gulonolactoneoxidase"
1.1.3.9,"Galactoseoxidase"
1.1.4.1,"Vitamin-K-epoxidereductase(warfarin-sensitive)"
1.1.5.2,"Quinoproteinglucosedehydrogenase"
1.1.5.3,"Glycerol-3-phosphatedehydrogenase"
1.1.99.1,"Cholinedehydrogenase"
1.1.99.10,"Glucosedehydrogenase(acceptor)"
1.1.99.16,"Malatedehydrogenase(acceptor)"
1.1.99.18,"Cellobiosedehydrogenase(acceptor)"
1.1.99.2,"2-hydroxyglutaratedehydrogenase"
1.1.99.22,"Glyceroldehydrogenase(acceptor)"
1.1.99.24,"Hydroxyacid-oxoacidtranshydrogenase"
1.1.99.25,"Quinatedehydrogenase(pyrroloquinoline-quinone)"
1.1.99.28,"Glucose-fructoseoxidoreductase"
1.1.99.3,"Gluconate2-dehydrogenase(acceptor)"
1.1.99.31,"(S)-mandelatedehydrogenase"
1.1.99.32,"L-sorbose1-dehydrogenase"
1.1.99.8,"Alcoholdehydrogenase(acceptor)"
1.10.2.2,"Ubiquinol--cytochrome-creductase"
1.10.3.1,"Catecholoxidase"
1.10.3.2,"Laccase"
1.10.3.3,"L-ascorbateoxidase"
1.10.99.1,"Plastoquinol--plastocyaninreductase"
1.10.99.2,"Ribosyldihydronicotinamidedehydrogenase(quinone)"
1.10.99.3,"Violaxanthinde-epoxidase"
1.11.1.1,"NADHperoxidase"
1.11.1.10,"Chlorideperoxidase"
1.11.1.11,"L-ascorbateperoxidase"
1.11.1.12,"Phospholipid-hydroperoxideglutathioneperoxidase"
1.11.1.13,"Manganeseperoxidase"
1.11.1.14,"Ligninperoxidase"
1.11.1.15,"Peroxiredoxin"
1.11.1.16,"Versatileperoxidase"
1.11.1.5,"Cytochrome-cperoxidase"
1.11.1.6,"Catalase"
1.11.1.7,"Peroxidase"
1.11.1.8,"Iodideperoxidase"
1.11.1.9,"Glutathioneperoxidase"
1.12.1.2,"Hydrogendehydrogenase"
1.12.2.1,"Cytochrome-c3hydrogenase"
1.12.5.1,"Hydrogen:quinoneoxidoreductase"
1.12.7.2,"Ferredoxinhydrogenase"
1.12.98.1,"CoenzymeF420hydrogenase"
1.12.98.2,"5,10-methenyltetrahydromethanopterinhydrogenase"
1.12.99.6,"Hydrogenase(acceptor)"
1.13.11.1,"Catechol1,2-dioxygenase"
1.13.11.11,"Tryptophan2,3-dioxygenase"
1.13.11.12,"Lipoxygenase"
1.13.11.15,"3,4-dihydroxyphenylacetate2,3-dioxygenase"
1.13.11.16,"3-carboxyethylcatechol2,3-dioxygenase"
1.13.11.19,"Cysteaminedioxygenase"
1.13.11.2,"Catechol2,3-dioxygenase"
1.13.11.20,"Cysteinedioxygenase"
1.13.11.24,"Quercetin2,3-dioxygenase"
1.13.11.27,"4-hydroxyphenylpyruvatedioxygenase"
1.13.11.3,"Protocatechuate3,4-dioxygenase"
1.13.11.31,"Arachidonate12-lipoxygenase"
1.13.11.32,"2-nitropropanedioxygenase"
1.13.11.33,"Arachidonate15-lipoxygenase"
1.13.11.34,"Arachidonate5-lipoxygenase"
1.13.11.37,"Hydroxyquinol1,2-dioxygenase"
1.13.11.39,"Biphenyl-2,3-diol1,2-dioxygenase"
1.13.11.40,"Arachidonate8-lipoxygenase"
1.13.11.44,"Linoleatediolsynthase"
1.13.11.5,"Homogentisate1,2-dioxygenase"
1.13.11.50,"Acetylacetone-cleavingenzyme"
1.13.11.51,"9-cis-epoxycarotenoiddioxygenase"
6.3.4.2,"CTPsynthase"
1.13.11.52,"Indoleamine2,3-dioxygenase"
1.13.11.53,"Acireductonedioxygenase(Ni(2+)-requiring)"
1.13.11.54,"Acireductonedioxygenase(Fe(2+)-requiring)"
1.13.11.55,"Sulfuroxygenase/reductase"
1.13.11.6,"3-hydroxyanthranilate3,4-dioxygenase"
1.13.11.8,"Protocatechuate4,5-dioxygenase"
1.13.12.14,"Chlorophyllide-aoxygenase"
1.13.12.3,"Tryptophan2-monooxygenase"
1.13.12.4,"Lactate2-monooxygenase"
1.13.12.5,"Renilla-luciferin2-monooxygenase"
1.13.12.6,"Cypridina-luciferin2-monooxygenase"
1.13.12.7,"Photinus-luciferin4-monooxygenase(ATP-hydrolyzing)"
1.13.99.1,"Inositoloxygenase"
1.14.11.1,"Gamma-butyrobetainedioxygenase"
1.14.11.11,"Hyoscyamine(6S)-dioxygenase"
1.14.11.13,"Gibberellin2-beta-dioxygenase"
1.14.11.15,"Gibberellin3-beta-dioxygenase"
1.14.11.16,"Peptide-aspartatebeta-dioxygenase"
1.14.11.17,"Taurinedioxygenase"
1.14.11.18,"Phytanoyl-CoAdioxygenase"
1.14.11.19,"Leucocyanidinoxygenase"
1.14.11.2,"Procollagen-prolinedioxygenase"
1.14.11.20,"Deacetoxyvindoline4-hydroxylase"
1.14.11.21,"Clavaminatesynthase"
1.14.11.23,"Flavonolsynthase"
1.14.11.26,"Deacetoxycephalosporin-Chydroxylase"
1.14.11.27,"[HistoneH3]-lysine-36demethylase"
1.14.11.4,"Procollagen-lysine5-dioxygenase"
1.14.11.7,"Procollagen-proline3-dioxygenase"
1.14.11.8,"Trimethyllysinedioxygenase"
1.14.11.9,"Flavanone3-dioxygenase"
1.14.12.10,"Benzoate1,2-dioxygenase"
1.14.12.11,"Toluenedioxygenase"
1.14.12.12,"Naphthalene1,2-dioxygenase"
1.14.12.13,"2-chlorobenzoate1,2-dioxygenase"
1.14.12.17,"Nitricoxidedioxygenase"
1.14.12.18,"Biphenyl2,3-dioxygenase"
1.14.12.19,"3-phenylpropanoatedioxygenase"
1.14.12.20,"Pheophorbideaoxygenase"
1.14.12.3,"Benzene1,2-dioxygenase"
1.14.12.7,"Phthalate4,5-dioxygenase"
1.14.13.1,"Salicylate1-monooxygenase"
1.14.13.100,"25-hydroxycholesterol7-alpha-hydroxylase"
1.14.13.105,"Monocyclicmonoterpeneketonemonooxygenase"
1.14.13.11,"Trans-cinnamate4-monooxygenase"
1.14.13.12,"Benzoate4-monooxygenase"
1.14.13.13,"Calcidiol1-monooxygenase"
1.14.13.15,"Cholestanetriol26-monooxygenase"
1.14.13.16,"Cyclopentanonemonooxygenase"
1.14.13.17,"Cholesterol7-alpha-monooxygenase"
1.14.13.2,"4-hydroxybenzoate3-monooxygenase"
1.14.13.20,"2,4-dichlorophenol6-monooxygenase"
1.14.13.21,"Flavonoid3{prime}-monooxygenase"
1.14.13.22,"Cyclohexanonemonooxygenase"
1.14.13.25,"Methanemonooxygenase"
1.14.13.30,"Leukotriene-B(4)20-monooxygenase"
1.14.13.32,"Albendazolemonooxygenase"
1.14.13.39,"Nitric-oxidesynthase"
1.14.13.41,"TyrosineN-monooxygenase"
1.14.13.48,"(S)-limonene6-monooxygenase"
1.14.13.49,"(S)-limonene7-monooxygenase"
1.14.13.50,"Pentachlorophenolmonooxygenase"
1.14.13.59,"L-lysine6-monooxygenase(NADPH)"
1.14.13.67,"Quinine3-monooxygenase"
1.14.13.68,"4-hydroxyphenylacetaldehydeoximemonooxygenase"
1.14.13.7,"Phenol2-monooxygenase"
1.14.13.70,"Sterol14-demethylase"
1.14.13.71,"N-methylcoclaurine3{prime}-monooxygenase"
1.14.13.72,"Methylsterolmonooxygenase"
1.14.13.73,"Tabersonine16-hydroxylase"
1.14.13.76,"Taxane10-beta-hydroxylase"
1.14.13.77,"Taxane13-alpha-hydroxylase"
1.14.13.78,"Ent-kaureneoxidase"
1.14.13.79,"Ent-kaurenoicacidoxidase"
1.14.13.8,"Flavin-containingmonooxygenase"
1.14.13.80,"(R)-limonene6-monooxygenase"
1.14.13.81,"Magnesium-protoporphyrinIXmonomethylester(oxidative)cyclase"
1.14.13.82,"Vanillatemonooxygenase"
1.14.13.83,"Precorrin-3Bsynthase"
1.14.13.84,"4-hydroxyacetophenonemonooxygenase"
1.14.13.87,"Licodionesynthase"
1.14.13.88,"Flavonoid3{prime},5{prime}-hydroxylase"
1.14.13.89,"Isoflavone2{prime}-hydroxylase"
1.14.13.9,"Kynurenine3-monooxygenase"
1.14.13.90,"Zeaxanthinepoxidase"
1.14.13.92,"Phenylacetonemonooxygenase"
1.14.13.93,"(+)-abscisicacid8{prime}-hydroxylase"
1.14.13.94,"Lithocholate6-beta-hydroxylase"
1.14.13.95,"7-alpha-hydroxycholest-4-en-3-one12-alpha-hydroxylase"
1.14.13.96,"5-beta-cholestane-3-alpha,7-alpha-diol12-alpha-hydroxylase"
1.14.13.97,"Taurochenodeoxycholate6-alpha-hydroxylase"
1.14.13.98,"Cholesterol24-hydroxylase"
1.14.13.99,"24-hydroxycholesterol7-alpha-hydroxylase"
1.14.14.1,"Unspecificmonooxygenase"
1.14.14.3,"Alkanalmonooxygenase(FMN-linked)"
1.14.14.5,"Alkanesulfonatemonooxygenase"
1.14.15.1,"Camphor5-monooxygenase"
1.14.15.3,"Alkane1-monooxygenase"
1.14.15.4,"Steroid11-beta-monooxygenase"
1.14.15.5,"Corticosterone18-monooxygenase"
1.14.15.6,"Cholesterolmonooxygenase(side-chain-cleaving)"
1.14.15.7,"Cholinemonooxygenase"
1.14.16.1,"Phenylalanine4-monooxygenase"
1.14.16.2,"Tyrosine3-monooxygenase"
1.14.16.4,"Tryptophan5-monooxygenase"
1.14.17.1,"Dopaminebeta-monooxygenase"
1.14.17.3,"Peptidylglycinemonooxygenase"
1.14.17.4,"Aminocyclopropanecarboxylateoxidase"
1.14.18.1,"Monophenolmonooxygenase"
1.14.18.2,"CMP-N-acetylneuraminatemonooxygenase"
1.14.19.1,"Stearoyl-CoA9-desaturase"
1.14.19.2,"Acyl-[acyl-carrier-protein]desaturase"
1.14.19.3,"Linoleoyl-CoAdesaturase"
1.14.20.1,"Deacetoxycephalosporin-Csynthase"
1.14.21.3,"Berbamuninesynthase"
1.14.21.6,"Lathosteroloxidase"
1.14.99.1,"Prostaglandin-endoperoxidesynthase"
1.14.99.10,"Steroid21-monooxygenase"
1.14.99.22,"Ecdysone20-monooxygenase"
1.14.99.28,"Linalool8-monooxygenase"
1.14.99.29,"Deoxyhypusinemonooxygenase"
1.14.99.3,"Hemeoxygenase"
1.14.99.30,"Carotene7,8-desaturase"
1.14.99.33,"Delta(12)-fattyaciddehydrogenase"
1.14.99.36,"Beta-carotene15,15{prime}-monooxygenase"
1.14.99.38,"Cholesterol25-hydroxylase"
1.14.99.7,"Squalenemonooxygenase"
1.14.99.9,"Steroid17-alpha-monooxygenase"
1.15.1.1,"Superoxidedismutase"
1.15.1.2,"Superoxidereductase"
1.16.1.1,"Mercury(II)reductase"
1.16.1.3,"Aquacobalaminreductase"
1.16.1.5,"Aquacobalaminreductase(NADPH)"
1.16.1.7,"Ferric-chelatereductase"
1.16.1.8,"[Methioninesynthase]reductase"
1.16.3.1,"Ferroxidase"
1.16.8.1,"Cob(II)yrinicacida,c-diamidereductase"
1.17.1.2,"4-hydroxy-3-methylbut-2-enyldiphosphatereductase"
1.17.1.3,"Leucoanthocyanidinreductase"
1.17.1.4,"Xanthinedehydrogenase"
1.17.3.2,"Xanthineoxidase"
1.17.4.1,"Ribonucleoside-diphosphatereductase"
1.17.4.2,"Ribonucleoside-triphosphatereductase"
1.17.4.3,"4-hydroxy-3-methylbut-2-en-1-yldiphosphatesynthase"
1.17.99.1,"4-cresoldehydrogenase(hydroxylating)"
1.17.99.3,"24-hydroxylase"
1.17.99.5,"Bile-acid7-alpha-dehydroxylase"
1.18.1.1,"Rubredoxin--NAD(+)reductase"
1.18.1.2,"Ferredoxin--NADP(+)reductase"
1.18.1.3,"Ferredoxin--NAD(+)reductase"
1.18.6.1,"Nitrogenase"
1.2.1.10,"Acetaldehydedehydrogenase(acetylating)"
1.2.1.11,"Aspartate-semialdehydedehydrogenase"
1.2.1.12,"Glyceraldehyde-3-phosphatedehydrogenase(phosphorylating)"
1.2.1.13,"Glyceraldehyde-3-phosphatedehydrogenase(NADP(+))(phosphorylating)"
1.2.1.16,"Succinate-semialdehydedehydrogenase(NAD(P)(+))"
1.2.1.18,"Malonate-semialdehydedehydrogenase(acetylating)"
1.2.1.19,"Aminobutyraldehydedehydrogenase"
1.2.1.2,"Formatedehydrogenase"
1.2.1.21,"Glycolaldehydedehydrogenase"
1.2.1.22,"Lactaldehydedehydrogenase"
1.2.1.24,"Succinate-semialdehydedehydrogenase"
1.2.1.27,"Methylmalonate-semialdehydedehydrogenase(acylating)"
1.2.1.28,"Benzaldehydedehydrogenase(NAD(+))"
1.2.1.3,"Aldehydedehydrogenase(NAD(+))"
1.2.1.31,"L-aminoadipate-semialdehydedehydrogenase"
1.2.1.36,"Retinaldehydrogenase"
1.2.1.38,"N-acetyl-gamma-glutamyl-phosphatereductase"
1.2.1.39,"Phenylacetaldehydedehydrogenase"
1.2.1.4,"Aldehydedehydrogenase(NADP(+))"
1.2.1.41,"Glutamate-5-semialdehydedehydrogenase"
1.2.1.46,"Formaldehydedehydrogenase"
1.2.1.47,"4-trimethylammoniobutyraldehydedehydrogenase"
1.2.1.5,"Aldehydedehydrogenase(NAD(P)(+))"
1.2.1.50,"Long-chain-fatty-acyl-CoAreductase"
1.2.1.51,"Pyruvatedehydrogenase(NADP(+))"
1.2.1.59,"Glyceraldehyde-3-phosphatedehydrogenase(NAD(P)(+))(phosphorylating)"
1.2.1.65,"Salicylaldehydedehydrogenase"
1.2.1.66,"Mycothiol-dependentformaldehydedehydrogenase"
1.2.1.68,"Coniferyl-aldehydedehydrogenase"
1.2.1.70,"Glutamyl-tRNAreductase"
1.2.1.71,"Succinylglutamate-semialdehydedehydrogenase"
1.2.1.72,"Erythrose-4-phosphatedehydrogenase"
1.2.1.8,"Betaine-aldehydedehydrogenase"
1.2.1.9,"Glyceraldehyde-3-phosphatedehydrogenase(NADP(+))"
1.2.2.2,"Pyruvatedehydrogenase(cytochrome)"
1.2.3.1,"Aldehydeoxidase"
1.2.3.14,"Abscisic-aldehydeoxidase"
1.2.3.3,"Pyruvateoxidase"
1.2.3.4,"Oxalateoxidase"
1.2.4.1,"Pyruvatedehydrogenase(acetyl-transferring)"
1.2.4.2,"Oxoglutaratedehydrogenase(succinyl-transferring)"
1.2.4.4,"3-methyl-2-oxobutanoatedehydrogenase(2-methylpropanoyl-transferring)"
1.2.7.1,"Pyruvatesynthase"
1.2.7.3,"2-oxoglutaratesynthase"
1.2.7.4,"Carbon-monoxidedehydrogenase(ferredoxin)"
1.2.7.5,"Aldehydeferredoxinoxidoreductase"
1.2.7.7,"3-methyl-2-oxobutanoatedehydrogenase(ferredoxin)"
1.2.7.8,"Indolepyruvateferredoxinoxidoreductase"
1.2.99.2,"Carbon-monoxidedehydrogenase(acceptor)"
1.2.99.3,"Aldehydedehydrogenase(pyrroloquinoline-quinone)"
1.2.99.5,"Formylmethanofurandehydrogenase"
1.2.99.7,"Aldehydedehydrogenase(FAD-independent)"
1.20.1.1,"Phosphonatedehydrogenase"
1.20.4.1,"Arsenatereductase(glutaredoxin)"
1.20.98.1,"Arsenatereductase(azurin)"
1.21.3.1,"Isopenicillin-Nsynthase"
1.21.3.3,"Reticulineoxidase"
1.21.4.1,"D-prolinereductase(dithiol)"
1.21.4.2,"Glycinereductase"
1.21.4.3,"Sarcosinereductase"
1.21.4.4,"Betainereductase"
1.3.1.10,"Enoyl-[acyl-carrier-protein]reductase(NADPH,B-specific)"
1.3.1.12,"Prephenatedehydrogenase"
1.3.1.13,"Prephenatedehydrogenase(NADP(+))"
1.3.1.19,"Cis-1,2-dihydrobenzene-1,2-dioldehydrogenase"
1.3.1.2,"Dihydropyrimidinedehydrogenase(NADP(+))"
1.3.1.20,"Trans-1,2-dihydrobenzene-1,2-dioldehydrogenase"
1.3.1.21,"7-dehydrocholesterolreductase"
1.3.1.24,"Biliverdinreductase"
1.3.1.25,"1,6-dihydroxycyclohexa-2,4-diene-1-carboxylatedehydrogenase"
1.3.1.26,"Dihydrodipicolinatereductase"
1.3.1.28,"2,3-dihydro-2,3-dihydroxybenzoatedehydrogenase"
1.3.1.29,"Cis-1,2-dihydro-1,2-dihydroxynaphthalenedehydrogenase"
1.3.1.3,"Delta(4)-3-oxosteroid5-beta-reductase"
1.3.1.31,"2-enoatereductase"
1.3.1.32,"Maleylacetatereductase"
1.3.1.33,"Protochlorophyllidereductase"
1.3.1.34,"2,4-dienoyl-CoAreductase(NADPH)"
1.3.1.38,"Trans-2-enoyl-CoAreductase(NADPH)"
1.3.1.42,"12-oxophytodienoatereductase"
1.3.1.43,"Arogenatedehydrogenase"
1.3.1.44,"Trans-2-enoyl-CoAreductase(NAD(+))"
1.3.1.45,"2{prime}-hydroxyisoflavonereductase"
1.3.1.48,"15-oxoprostaglandin13-oxidase"
1.3.1.54,"Precorrin-6Areductase"
1.3.1.56,"Cis-2,3-dihydrobiphenyl-2,3-dioldehydrogenase"
1.3.1.57,"Phloroglucinolreductase"
1.3.1.58,"2,3-dihydroxy-2,3-dihydro-p-cumatedehydrogenase"
1.3.1.6,"Fumaratereductase(NADH)"
1.3.1.60,"Dibenzothiophenedihydrodioldehydrogenase"
1.3.1.70,"Delta(14)-sterolreductase"
1.3.1.71,"Delta(24(24(1)))-sterolreductase"
1.3.1.74,"2-alkenalreductase"
1.3.1.76,"Precorrin-2dehydrogenase"
1.3.1.77,"Anthocyanidinreductase"
1.3.1.78,"Arogenatedehydrogenase(NADP(+))"
1.3.1.80,"Redchlorophyllcatabolitereductase"
1.3.1.9,"Enoyl-[acyl-carrier-protein]reductase(NADH)"
1.3.3.1,"Dihydroorotateoxidase"
1.3.3.11,"Pyrroloquinoline-quinonesynthase"
1.3.3.3,"Coproporphyrinogenoxidase"
1.3.3.4,"Protoporphyrinogenoxidase"
1.3.3.5,"Bilirubinoxidase"
1.3.3.6,"Acyl-CoAoxidase"
1.3.3.9,"Secologaninsynthase"
1.3.5.1,"Succinatedehydrogenase(ubiquinone)"
1.3.7.2,"15,16-dihydrobiliverdin:ferredoxinoxidoreductase"
1.3.7.3,"Phycoerythrobilin:ferredoxinoxidoreductase"
1.3.7.4,"Phytochromobilin:ferredoxinoxidoreductase"
1.3.7.5,"Phycocyanobilin:ferredoxinoxidoreductase"
1.3.7.6,"Phycoerythrobilinsynthase"
1.3.99.1,"Succinatedehydrogenase"
1.3.99.10,"Isovaleryl-CoAdehydrogenase"
1.3.99.13,"Long-chain-acyl-CoAdehydrogenase"
1.3.99.15,"Benzoyl-CoAreductase"
1.3.99.16,"Isoquinoline1-oxidoreductase"
1.3.99.17,"Quinoline2-oxidoreductase"
1.3.99.2,"Butyryl-CoAdehydrogenase"
1.3.99.20,"4-hydroxybenzoyl-CoAreductase"
1.3.99.21,"(R)-benzylsuccinyl-CoAdehydrogenase"
1.3.99.22,"Coproporphyrinogendehydrogenase"
1.3.99.23,"All-trans-retinol13,14-reductase"
1.3.99.3,"Acyl-CoAdehydrogenase"
1.3.99.4,"3-oxosteroid1-dehydrogenase"
1.3.99.5,"3-oxo-5-alpha-steroid4-dehydrogenase"
1.3.99.7,"Glutaryl-CoAdehydrogenase"
1.4.1.1,"Alaninedehydrogenase"
1.4.1.13,"Glutamatesynthase(NADPH)"
1.4.1.14,"Glutamatesynthase(NADH)"
1.4.1.16,"Diaminopimelatedehydrogenase"
1.4.1.2,"Glutamatedehydrogenase"
1.4.1.20,"Phenylalaninedehydrogenase"
1.4.1.21,"Aspartatedehydrogenase"
1.4.1.3,"Glutamatedehydrogenase(NAD(P)(+))"
1.4.1.4,"Glutamatedehydrogenase(NADP(+))"
1.4.1.9,"Leucinedehydrogenase"
1.4.3.1,"D-aspartateoxidase"
1.4.3.10,"Putrescineoxidase"
1.4.3.13,"Protein-lysine6-oxidase"
1.4.3.16,"L-aspartateoxidase"
1.4.3.19,"Glycineoxidase"
1.4.3.2,"L-amino-acidoxidase"
1.4.3.21,"Primary-amineoxidase"
1.4.3.22,"Diamineoxidase"
1.4.3.3,"D-amino-acidoxidase"
1.4.3.4,"Monoamineoxidase"
1.4.3.5,"Pyridoxal5{prime}-phosphatesynthase"
1.4.4.2,"Glycinedehydrogenase(decarboxylating)"
1.4.7.1,"Glutamatesynthase(ferredoxin)"
1.4.99.1,"D-amino-aciddehydrogenase"
1.4.99.3,"Aminedehydrogenase"
1.4.99.4,"Aralkylaminedehydrogenase"
1.5.1.10,"Saccharopinedehydrogenase(NADP(+),L-glutamate-forming)"
1.5.1.11,"D-octopinedehydrogenase"
1.5.1.12,"1-pyrroline-5-carboxylatedehydrogenase"
1.5.1.15,"Methylenetetrahydrofolatedehydrogenase(NAD(+))"
1.5.1.16,"D-lysopinedehydrogenase"
1.5.1.19,"D-nopalinedehydrogenase"
1.5.1.2,"Pyrroline-5-carboxylatereductase"
1.5.1.20,"Methylenetetrahydrofolatereductase(NAD(P)H)"
1.5.1.24,"N(5)-(carboxyethyl)ornithinesynthase"
1.5.1.28,"Opinedehydrogenase"
1.5.1.29,"FMNreductase"
1.5.1.3,"Dihydrofolatereductase"
1.5.1.30,"Flavinreductase"
1.5.1.33,"Pteridinereductase"
1.5.1.34,"6,7-dihydropteridinereductase"
1.5.1.5,"Methylenetetrahydrofolatedehydrogenase(NADP(+))"
1.5.1.6,"Formyltetrahydrofolatedehydrogenase"
1.5.1.7,"Saccharopinedehydrogenase(NAD(+),L-lysine-forming)"
1.5.1.8,"Saccharopinedehydrogenase(NADP(+),L-lysine-forming)"
1.5.1.9,"Saccharopinedehydrogenase(NAD(+),L-glutamate-forming)"
1.5.3.1,"Sarcosineoxidase"
1.5.3.11,"Polyamineoxidase"
1.5.3.6,"(R)-6-hydroxynicotineoxidase"
1.5.3.7,"L-pipecolateoxidase"
1.5.5.1,"Electron-transferring-flavoproteindehydrogenase"
1.5.8.1,"Dimethylaminedehydrogenase"
1.5.8.2,"Trimethylaminedehydrogenase"
1.5.99.1,"Sarcosinedehydrogenase"
1.5.99.11,"5,10-methylenetetrahydromethanopterinreductase"
1.5.99.12,"Cytokinindehydrogenase"
1.5.99.2,"Dimethylglycinedehydrogenase"
1.5.99.8,"Prolinedehydrogenase"
1.5.99.9,"Methylenetetrahydromethanopterindehydrogenase"
1.6.1.1,"NAD(P)(+)transhydrogenase(B-specific)"
1.6.1.2,"NAD(P)(+)transhydrogenase(AB-specific)"
1.6.2.2,"Cytochrome-b5reductase"
1.6.2.4,"NADPH--hemoproteinreductase"
1.6.3.1,"NAD(P)Hoxidase"
1.6.5.2,"NAD(P)Hdehydrogenase(quinone)"
1.6.5.3,"NADHdehydrogenase(ubiquinone)"
1.6.5.4,"Monodehydroascorbatereductase(NADH)"
1.6.5.5,"NADPH:quinonereductase"
1.6.99.1,"NADPHdehydrogenase"
1.6.99.3,"NADHdehydrogenase"
1.6.99.5,"NADHdehydrogenase(quinone)"
1.7.1.1,"Nitratereductase(NADH)"
1.7.1.13,"PreQ(1)synthase"
1.7.1.2,"Nitratereductase(NAD(P)H)"
1.7.1.3,"Nitratereductase(NADPH)"
1.7.1.4,"Nitritereductase(NAD(P)H)"
1.7.1.6,"Azobenzenereductase"
1.7.1.7,"GMPreductase"
1.7.2.1,"Nitritereductase(NO-forming)"
1.7.2.2,"Nitritereductase(cytochrome;ammonia-forming)"
1.7.2.3,"Trimethylamine-N-oxidereductase(cytochromec)"
1.7.3.3,"Urateoxidase"
1.7.3.4,"Hydroxylamineoxidase"
1.7.7.1,"Ferredoxin--nitritereductase"
1.7.99.1,"Hydroxylaminereductase"
1.7.99.4,"Nitratereductase"
1.7.99.6,"Nitrous-oxidereductase"
1.7.99.7,"Nitric-oxidereductase"
1.8.1.12,"Trypanothione-disulfidereductase"
1.8.1.14,"CoA-disulfidereductase"
1.8.1.2,"Sulfitereductase(NADPH)"
1.8.1.4,"Dihydrolipoyldehydrogenase"
1.8.1.5,"2-oxopropyl-CoMreductase(carboxylating)"
1.8.1.7,"Glutathione-disulfidereductase"
1.8.1.8,"Protein-disulfidereductase"
1.8.1.9,"Thioredoxin-disulfidereductase"
1.8.3.1,"Sulfiteoxidase"
1.8.3.2,"Thioloxidase"
1.8.3.5,"Prenylcysteineoxidase"
1.8.4.11,"Peptide-methionine(S)-S-oxidereductase"
1.8.4.12,"Peptide-methionine(R)-S-oxidereductase"
1.8.4.2,"Protein-disulfidereductase(glutathione)"
1.8.4.8,"Phosphoadenylyl-sulfatereductase(thioredoxin)"
1.8.4.9,"Adenylyl-sulfatereductase(glutathione)"
1.8.7.1,"Sulfitereductase(ferredoxin)"
1.8.98.1,"CoB--CoMheterodisulfidereductase"
1.8.98.2,"Sulfiredoxin"
1.8.99.3,"Hydrogensulfitereductase"
1.9.3.1,"Cytochrome-coxidase"
1.97.1.1,"Chloratereductase"
1.97.1.10,"Thyroxine5{prime}-deiodinase"
1.97.1.11,"Thyroxine5-deiodinase"
1.97.1.2,"Pyrogallolhydroxytransferase"
1.97.1.4,"[Formate-C-acetyltransferase]-activatingenzyme"
1.97.1.9,"Selenatereductase"
2.1.1.1,"NicotinamideN-methyltransferase"
2.1.1.10,"HomocysteineS-methyltransferase"
2.1.1.100,"Protein-S-isoprenylcysteineO-methyltransferase"
2.1.1.103,"PhosphoethanolamineN-methyltransferase"
2.1.1.104,"Caffeoyl-CoAO-methyltransferase"
2.1.1.107,"Uroporphyrinogen-IIIC-methyltransferase"
2.1.1.11,"MagnesiumprotoporphyrinIXmethyltransferase"
2.1.1.110,"Sterigmatocystin8-O-methyltransferase"
2.1.1.113,"Site-specificDNA-methyltransferase(cytosine-N(4)-specific)"
2.1.1.114,"Hexaprenyldihydroxybenzoatemethyltransferase"
2.1.1.116,"3{prime}-hydroxy-N-methyl-(S)-coclaurine4{prime}-O-methyltransferase"
2.1.1.117,"(S)-scoulerine9-O-methyltransferase"
2.1.1.118,"ColumbamineO-methyltransferase"
2.1.1.12,"MethionineS-methyltransferase"
2.1.1.125,"Histone-arginineN-methyltransferase"
2.1.1.127,"[Ribulose-bisphosphatecarboxylase]-lysineN-methyltransferase"
2.1.1.128,"(RS)-norcoclaurine6-O-methyltransferase"
2.1.1.129,"Inositol4-methyltransferase"
2.1.1.13,"Methioninesynthase"
2.1.1.130,"Precorrin-2C(20)-methyltransferase"
2.1.1.131,"Precorrin-3BC(17)-methyltransferase"
2.1.1.132,"Precorrin-6YC(5,15)-methyltransferase(decarboxylating)"
2.1.1.133,"Precorrin-4C(11)-methyltransferase"
2.1.1.137,"Arsenitemethyltransferase"
2.1.1.14,"5-methyltetrahydropteroyltriglutamate--homocysteineS-methyltransferase"
2.1.1.141,"JasmonateO-methyltransferase"
2.1.1.143,"24-methylenesterolC-methyltransferase"
2.1.1.144,"Trans-aconitate2-methyltransferase"
2.1.1.145,"Trans-aconitate3-methyltransferase"
2.1.1.146,"(Iso)eugenolO-methyltransferase"
2.1.1.148,"Thymidylatesynthase(FAD)"
2.1.1.150,"Isoflavone7-O-methyltransferase"
2.1.1.151,"Cobalt-factorIIC(20)-methyltransferase"
2.1.1.152,"Precorrin-6Asynthase(deacetylating)"
2.1.1.16,"Methylene-fatty-acyl-phospholipidsynthase"
2.1.1.17,"PhosphatidylethanolamineN-methyltransferase"
2.1.1.2,"GuanidinoacetateN-methyltransferase"
2.1.1.20,"GlycineN-methyltransferase"
2.1.1.28,"PhenylethanolamineN-methyltransferase"
2.1.1.29,"tRNA(cytosine-5-)-methyltransferase"
2.1.1.31,"tRNA(guanine-N(1)-)-methyltransferase"
2.1.1.32,"tRNA(guanine-N(2)-)-methyltransferase"
2.1.1.33,"tRNA(guanine-N(7)-)-methyltransferase"
2.1.1.34,"tRNAguanosine-2{prime}-O-methyltransferase"
2.1.1.35,"tRNA(uracil-5-)-methyltransferase"
2.1.1.36,"tRNA(adenine-N(1)-)-methyltransferase"
2.1.1.37,"DNA(cytosine-5-)-methyltransferase"
2.1.1.38,"O-demethylpuromycinO-methyltransferase"
2.1.1.4,"AcetylserotoninO-methyltransferase"
2.1.1.41,"Sterol24-C-methyltransferase"
2.1.1.43,"Histone-lysineN-methyltransferase"
2.1.1.45,"Thymidylatesynthase"
2.1.1.48,"rRNA(adenine-N(6)-)-methyltransferase"
2.1.1.49,"AmineN-methyltransferase"
2.1.1.5,"Betaine--homocysteineS-methyltransferase"
2.1.1.51,"rRNA(guanine-N(1)-)-methyltransferase"
2.1.1.52,"rRNA(guanine-N(2)-)-methyltransferase"
2.1.1.53,"PutrescineN-methyltransferase"
2.1.1.56,"mRNA(guanine-N(7)-)-methyltransferase"
2.1.1.57,"mRNA(nucleoside-2{prime}-O-)-methyltransferase"
2.1.1.59,"[Cytochromec]-lysineN-methyltransferase"
2.1.1.6,"CatecholO-methyltransferase"
2.1.1.62,"mRNA(2{prime}-O-methyladenosine-N(6)-)-methyltransferase"
2.1.1.63,"Methylated-DNA--[protein]-cysteineS-methyltransferase"
2.1.1.64,"3-demethylubiquinone-93-O-methyltransferase"
2.1.1.66,"rRNA(adenosine-2{prime}-O-)-methyltransferase"
2.1.1.67,"ThiopurineS-methyltransferase"
2.1.1.68,"CaffeateO-methyltransferase"
2.1.1.72,"Site-specificDNA-methyltransferase(adenine-specific)"
2.1.1.74,"(FADH(2)-oxidizing)"
2.1.1.76,"Quercetin3-O-methyltransferase"
2.1.1.77,"Protein-L-isoaspartate(D-aspartate)O-methyltransferase"
2.1.1.79,"Cyclopropane-fatty-acyl-phospholipidsynthase"
2.1.1.8,"HistamineN-methyltransferase"
2.1.1.80,"Protein-glutamateO-methyltransferase"
2.1.1.86,"TetrahydromethanopterinS-methyltransferase"
2.1.1.95,"TocopherolO-methyltransferase"
2.1.1.98,"Diphthinesynthase"
2.1.2.1,"Glycinehydroxymethyltransferase"
2.1.2.10,"Aminomethyltransferase"
2.1.2.11,"3-methyl-2-oxobutanoatehydroxymethyltransferase"
2.1.2.2,"Phosphoribosylglycinamideformyltransferase"
2.1.2.3,"Phosphoribosylaminoimidazolecarboxamideformyltransferase"
2.1.2.5,"Glutamateformimidoyltransferase"
2.1.2.8,"Deoxycytidylate5-hydroxymethyltransferase"
2.1.2.9,"Methionyl-tRNAformyltransferase"
2.1.3.1,"Methylmalonyl-CoAcarboxytransferase"
2.1.3.2,"Aspartatecarbamoyltransferase"
2.1.3.3,"Ornithinecarbamoyltransferase"
2.1.3.9,"N-acetylornithinecarbamoyltransferase"
2.1.4.1,"Glycineamidinotransferase"
2.1.4.2,"Scyllo-inosamine-4-phosphateamidinotransferase"
2.2.1.1,"Transketolase"
2.2.1.2,"Transaldolase"
2.2.1.3,"Formaldehydetransketolase"
2.2.1.6,"Acetolactatesynthase"
2.2.1.7,"1-deoxy-D-xylulose-5-phosphatesynthase"
2.2.1.9,"synthase"
2.3.1.1,"Amino-acidN-acetyltransferase"
2.3.1.101,"Formylmethanofuran--tetrahydromethanopterinN-formyltransferase"
2.3.1.107,"DeacetylvindolineO-acetyltransferase"
2.3.1.109,"ArginineN-succinyltransferase"
2.3.1.110,"TyramineN-feruloyltransferase"
2.3.1.111,"Mycocerosatesynthase"
2.3.1.117,"2,3,4,5-tetrahydropyridine-2,6-dicarboxylateN-succinyltransferase"
2.3.1.118,"N-hydroxyarylamineO-acetyltransferase"
2.3.1.119,"Icosanoyl-CoAsynthase"
2.3.1.12,"Dihydrolipoyllysine-residueacetyltransferase"
2.3.1.128,"Ribosomal-protein-alanineN-acetyltransferase"
2.3.1.129,"Acyl-[acyl-carrier-protein]--UDP-N-acetylglucosamineO-acyltransferase"
2.3.1.13,"GlycineN-acyltransferase"
2.3.1.135,"Phosphatidylcholine--retinolO-acyltransferase"
2.3.1.137,"CarnitineO-octanoyltransferase"
2.3.1.144,"AnthranilateN-benzoyltransferase"
2.3.1.15,"Glycerol-3-phosphateO-acyltransferase"
2.3.1.150,"Salutaridinol7-O-acetyltransferase"
2.3.1.153,"Anthocyanin5-aromaticacyltransferase"
2.3.1.156,"Phloroisovalerophenonesynthase"
2.3.1.157,"Glucosamine-1-phosphateN-acetyltransferase"
2.3.1.158,"Phospholipid:diacylglycerolacyltransferase"
2.3.1.159,"Acridonesynthase"
2.3.1.16,"Acetyl-CoAC-acyltransferase"
2.3.1.160,"Vinorinesynthase"
2.3.1.161,"Lovastatinnonaketidesynthase"
2.3.1.162,"Taxadien-5-alpha-olO-acetyltransferase"
2.3.1.164,"Isopenicillin-NN-acyltransferase"
2.3.1.165,"6-methylsalicylicacidsynthase"
2.3.1.166,"2-alpha-hydroxytaxane2-O-benzoyltransferase"
2.3.1.167,"10-deacetylbaccatinIII10-O-acetyltransferase"
2.3.1.168,"Dihydrolipoyllysine-residue(2-methylpropanoyl)transferase"
2.3.1.169,"CO-methylatingacetyl-CoAsynthase"
2.3.1.170,"6{prime}-deoxychalconesynthase"
2.3.1.174,"3-oxoadipyl-CoAthiolase"
2.3.1.175,"Deacetylcephalosporin-Cacetyltransferase"
2.3.1.176,"Propanoyl-CoAC-acyltransferase"
2.3.1.178,"Diaminobutyrateacetyltransferase"
2.3.1.179,"Beta-ketoacyl-acyl-carrier-proteinsynthaseII"
2.3.1.18,"GalactosideO-acetyltransferase"
2.3.1.180,"Beta-ketoacyl-acyl-carrier-proteinsynthaseIII"
2.3.1.181,"Lipoyl(octanoyl)transferase"
2.3.1.182,"(R)-citramalatesynthase"
2.3.1.183,"Phosphinothricinacetyltransferase"
2.3.1.184,"Acyl-homoserine-lactonesynthase"
2.3.1.19,"Phosphatebutyryltransferase"
2.3.1.20,"DiacylglycerolO-acyltransferase"
2.3.1.21,"CarnitineO-palmitoyltransferase"
2.3.1.22,"2-acylglycerolO-acyltransferase"
2.3.1.23,"1-acylglycerophosphocholineO-acyltransferase"
2.3.1.24,"SphingosineN-acyltransferase"
2.3.1.26,"SterolO-acyltransferase"
2.3.1.28,"ChloramphenicolO-acetyltransferase"
2.3.1.29,"GlycineC-acetyltransferase"
2.3.1.30,"SerineO-acetyltransferase"
2.3.1.31,"HomoserineO-acetyltransferase"
2.3.1.32,"LysineN-acetyltransferase"
2.3.1.35,"GlutamateN-acetyltransferase"
2.3.1.37,"5-aminolevulinatesynthase"
2.3.1.38,"[Acyl-carrier-protein]S-acetyltransferase"
2.3.1.39,"[Acyl-carrier-protein]S-malonyltransferase"
2.3.1.4,"Glucosamine-phosphateN-acetyltransferase"
2.3.1.40,"Acyl-[acyl-carrier-protein]--phospholipidO-acyltransferase"
2.3.1.41,"Beta-ketoacyl-acyl-carrier-proteinsynthaseI"
2.3.1.42,"Glycerone-phosphateO-acyltransferase"
2.3.1.43,"Phosphatidylcholine--sterolO-acyltransferase"
2.3.1.46,"HomoserineO-succinyltransferase"
2.3.1.47,"8-amino-7-oxononanoatesynthase"
2.3.1.48,"Histoneacetyltransferase"
2.3.1.5,"ArylamineN-acetyltransferase"
2.3.1.50,"SerineC-palmitoyltransferase"
2.3.1.51,"1-acylglycerol-3-phosphateO-acyltransferase"
2.3.1.54,"FormateC-acetyltransferase"
2.3.1.57,"DiamineN-acetyltransferase"
2.3.1.59,"Gentamicin2{prime}-N-acetyltransferase"
2.3.1.6,"CholineO-acetyltransferase"
2.3.1.60,"Gentamicin3{prime}-N-acetyltransferase"
2.3.1.61,"Dihydrolipoyllysine-residuesuccinyltransferase"
2.3.1.65,"Bileacid-CoA:aminoacidN-acyltransferase"
2.3.1.7,"CarnitineO-acetyltransferase"
2.3.1.74,"Naringenin-chalconesynthase"
2.3.1.75,"Long-chain-alcoholO-fatty-acyltransferase"
2.3.1.78,"Heparan-alpha-glucosaminideN-acetyltransferase"
2.3.1.79,"MaltoseO-acetyltransferase"
2.3.1.8,"Phosphateacetyltransferase"
2.3.1.81,"AminoglycosideN(3{prime})-acetyltransferase"
2.3.1.82,"AminoglycosideN(6{prime})-acetyltransferase"
2.3.1.84,"AlcoholO-acetyltransferase"
2.3.1.85,"Fatty-acidsynthase"
2.3.1.86,"Fatty-acyl-CoAsynthase"
2.3.1.87,"AralkylamineN-acetyltransferase"
2.3.1.88,"Peptidealpha-N-acetyltransferase"
2.3.1.89,"TetrahydrodipicolinateN-acetyltransferase"
2.3.1.9,"Acetyl-CoAC-acetyltransferase"
2.3.1.91,"Sinapoylglucose--cholineO-sinapoyltransferase"
2.3.1.92,"Sinapoylglucose--malateO-sinapoyltransferase"
2.3.1.94,"6-deoxyerythronolide-Bsynthase"
2.3.1.95,"Trihydroxystilbenesynthase"
2.3.1.97,"GlycylpeptideN-tetradecanoyltransferase"
2.3.2.13,"Protein-glutaminegamma-glutamyltransferase"
2.3.2.15,"Glutathionegamma-glutamylcysteinyltransferase"
2.3.2.2,"Gamma-glutamyltransferase"
2.3.2.4,"Gamma-glutamylcyclotransferase"
2.3.2.5,"Glutaminyl-peptidecyclotransferase"
2.3.2.6,"Leucyltransferase"
2.3.2.8,"Arginyltransferase"
2.3.3.1,"Citrate(Si)-synthase"
2.3.3.10,"Hydroxymethylglutaryl-CoAsynthase"
2.3.3.13,"2-isopropylmalatesynthase"
2.3.3.14,"Homocitratesynthase"
2.3.3.15,"Sulfoacetaldehydeacetyltransferase"
2.3.3.5,"2-methylcitratesynthase"
2.3.3.8,"ATPcitratesynthase"
2.3.3.9,"Malatesynthase"
2.4.1.1,"Phosphorylase"
2.4.1.10,"Levansucrase"
2.4.1.100,"2,1-fructan:2,1-fructan1-fructosyltransferase"
2.4.1.101,"Alpha-1,3-mannosyl-glycoprotein2-beta-N-acetylglucosaminyltransferase"
2.4.1.109,"Dolichyl-phosphate-mannose-proteinmannosyltransferase"
2.4.1.11,"Glycogen(starch)synthase"
2.4.1.115,"Anthocyanidin3-O-glucosyltransferase"
2.4.1.117,"Dolichyl-phosphatebeta-glucosyltransferase"
2.4.1.119,"Dolichyl-diphosphooligosaccharide--proteinglycotransferase"
2.4.1.12,"Cellulosesynthase(UDP-forming)"
2.4.1.121,"Indole-3-acetatebeta-glucosyltransferase"
2.4.1.122,"Glycoprotein-N-acetylgalactosamine3-beta-galactosyltransferase"
2.4.1.129,"Peptidoglycanglycosyltransferase"
2.4.1.13,"Sucrosesynthase"
2.4.1.130,"Dolichyl-phosphate-mannose--glycolipidalpha-mannosyltransferase"
2.4.1.131,"Glycolipid2-alpha-mannosyltransferase"
2.4.1.133,"Xylosylprotein4-beta-galactosyltransferase"
2.4.1.134,"Galactosylxylosylprotein3-beta-galactosyltransferase"
2.4.1.135,"Galactosylgalactosylxylosylprotein3-beta-glucuronosyltransferase"
2.4.1.14,"Sucrose-phosphatesynthase"
2.4.1.141,"N-acetylglucosaminyldiphosphodolicholN-acetylglucosaminyltransferase"
2.4.1.142,"Chitobiosyldiphosphodolicholbeta-mannosyltransferase"
2.4.1.143,"Alpha-1,6-mannosyl-glycoprotein2-beta-N-acetylglucosaminyltransferase"
2.4.1.144,"Beta-1,4-mannosyl-glycoprotein4-beta-N-acetylglucosaminyltransferase"
2.4.1.145,"Alpha-1,3-mannosyl-glycoprotein4-beta-N-acetylglucosaminyltransferase"
2.4.1.149,"N-acetyllactosaminidebeta-1,3-N-acetylglucosaminyltransferase"
2.4.1.15,"Alpha,alpha-trehalose-phosphatesynthase(UDP-forming)"
2.4.1.150,"N-acetyllactosaminidebeta-1,6-N-acetylglucosaminyl-transferase"
2.4.1.155,"Alpha-1,6-mannosyl-glycoprotein6-beta-N-acetylglucosaminyltransferase"
2.4.1.159,"Flavonol-3-O-glucosideL-rhamnosyltransferase"
2.4.1.16,"Chitinsynthase"
2.4.1.17,"Glucuronosyltransferase"
2.4.1.173,"Sterol3-beta-glucosyltransferase"
2.4.1.18,"1,4-alpha-glucanbranchingenzyme"
2.4.1.182,"Lipid-A-disaccharidesynthase"
2.4.1.183,"Alpha-1,3-glucansynthase"
2.4.1.186,"Glycogeninglucosyltransferase"
2.4.1.187,"mannosaminyltransferase"
2.4.1.19,"Cyclomaltodextringlucanotransferase"
2.4.1.195,"N-hydroxythioamideS-beta-glucosyltransferase"
2.4.1.198,"PhosphatidylinositolN-acetylglucosaminyltransferase"
2.4.1.203,"Trans-zeatinO-beta-D-glucosyltransferase"
2.4.1.207,"Xyloglucan:xyloglucosyltransferase"
2.4.1.21,"Starchsynthase"
2.4.1.210,"Limonoidglucosyltransferase"
2.4.1.212,"Hyaluronansynthase"
2.4.1.213,"Glucosylglycerol-phosphatesynthase"
2.4.1.214,"Glycoprotein3-alpha-L-fucosyltransferase"
2.4.1.215,"Cis-zeatinO-beta-D-glucosyltransferase"
2.4.1.216,"Trehalose6-phosphatephosphorylase"
2.4.1.217,"Mannosyl-3-phosphoglyceratesynthase"
2.4.1.218,"Hydroquinoneglucosyltransferase"
2.4.1.22,"Lactosesynthase"
2.4.1.221,"Peptide-O-fucosyltransferase"
2.4.1.222,"O-fucosylpeptide3-beta-N-acetylglucosaminyltransferase"
2.4.1.225,"N-acetylglucosaminyl-proteoglycan4-beta-glucuronosyltransferase"
2.4.1.226,"N-acetylgalactosaminyl-proteoglycan3-beta-glucuronosyltransferase"
2.4.1.228,"Lactosylceramide4-alpha-galactosyltransferase"
2.4.1.229,"[Skp1-protein]-hydroxyprolineN-acetylglucosaminyltransferase"
2.4.1.230,"Kojibiosephosphorylase"
2.4.1.232,"Initiation-specificalpha-1,6-mannosyltransferase"
2.4.1.234,"Kaempferol3-O-galactosyltransferase"
2.4.1.236,"Flavanone7-O-glucoside2{prime}{prime}-O-beta-L-rhamnosyltransferase"
2.4.1.238,"Anthocyanin3{prime}-O-beta-glucosyltransferase"
2.4.1.241,"Digalactosyldiacylglycerolsynthase"
2.4.1.242,"NDP-glucose--starchglucosyltransferase"
2.4.1.243,"6(G)-fructosyltransferase"
2.4.1.244,"acetylgalactosaminyltransferase"
2.4.1.25,"4-alpha-glucanotransferase"
2.4.1.26,"DNAalpha-glucosyltransferase"
2.4.1.27,"DNAbeta-glucosyltransferase"
2.4.1.32,"Glucomannan4-beta-mannosyltransferase"
2.4.1.34,"1,3-beta-glucansynthase"
2.4.1.37,"Fucosylgalactoside3-alpha-galactosyltransferase"
2.4.1.38,"Beta-N-acetylglucosaminylglycopeptidebeta-1,4-galactosyltransferase"
2.4.1.4,"Amylosucrase"
2.4.1.40,"Glycoprotein-fucosylgalactosidealpha-N-acetylgalactosaminyltransferase"
2.4.1.41,"PolypeptideN-acetylgalactosaminyltransferase"
2.4.1.44,"Lipopolysaccharide3-alpha-galactosyltransferase"
2.4.1.45,"2-hydroxyacylsphingosine1-beta-galactosyltransferase"
2.4.1.46,"Monogalactosyldiacylglycerolsynthase"
2.4.1.5,"Dextransucrase"
2.4.1.52,"Poly(glycerol-phosphate)alpha-glucosyltransferase"
2.4.1.56,"LipopolysaccharideN-acetylglucosaminyltransferase"
2.4.1.57,"Phosphatidylinositolalpha-mannosyltransferase"
2.4.1.58,"LipopolysaccharideglucosyltransferaseI"
2.4.1.62,"Gangliosidegalactosyltransferase"
2.4.1.65,"3-galactosyl-N-acetylglucosaminide4-alpha-L-fucosyltransferase"
2.4.1.67,"Galactinol--raffinosegalactosyltransferase"
2.4.1.68,"Glycoprotein6-alpha-L-fucosyltransferase"
2.4.1.69,"Galactoside2-alpha-L-fucosyltransferase"
2.4.1.7,"Sucrosephosphorylase"
2.4.1.79,"Globotriaosylceramide3-beta-N-acetylgalactosaminyltransferase"
2.4.1.80,"Ceramideglucosyltransferase"
2.4.1.83,"Dolichyl-phosphatebeta-D-mannosyltransferase"
2.4.1.85,"Cyanohydrinbeta-glucosyltransferase"
2.4.1.87,"N-acetyllactosaminide3-alpha-galactosyltransferase"
2.4.1.88,"Globosidealpha-N-acetylgalactosaminyltransferase"
2.4.1.90,"N-acetyllactosaminesynthase"
2.4.1.92,"N-acetylgalactosaminyltransferase"
2.4.2.1,"Purine-nucleosidephosphorylase"
2.4.2.10,"Orotatephosphoribosyltransferase"
2.4.2.11,"Nicotinatephosphoribosyltransferase"
2.4.2.12,"Nicotinamidephosphoribosyltransferase"
2.4.2.14,"Amidophosphoribosyltransferase"
2.4.2.17,"ATPphosphoribosyltransferase"
2.4.2.18,"Anthranilatephosphoribosyltransferase"
2.4.2.19,"Nicotinate-nucleotidediphosphorylase(carboxylating)"
2.4.2.2,"Pyrimidine-nucleosidephosphorylase"
2.4.2.21,"Nicotinate-nucleotide--dimethylbenzimidazolephosphoribosyltransferase"
2.4.2.22,"Xanthinephosphoribosyltransferase"
2.4.2.26,"Proteinxylosyltransferase"
2.4.2.27,"dihydrostreptosyltransferase"
2.4.2.28,"S-methyl-5{prime}-thioadenosinephosphorylase"
2.4.2.29,"tRNA-guaninetransglycosylase"
2.4.2.3,"Uridinephosphorylase"
2.4.2.30,"NAD(+)ADP-ribosyltransferase"
2.4.2.31,"NAD(+)--protein-arginineADP-ribosyltransferase"
2.4.2.36,"NAD(+)--diphthamideADP-ribosyltransferase"
2.4.2.37,"NAD(+)--dinitrogen-reductaseADP-D-ribosyltransferase"
2.4.2.38,"Glycoprotein2-beta-D-xylosyltransferase"
2.4.2.39,"Xyloglucan6-xylosyltransferase"
2.4.2.4,"Thymidinephosphorylase"
2.4.2.40,"ZeatinO-beta-D-xylosyltransferase"
2.4.2.6,"Nucleosidedeoxyribosyltransferase"
2.4.2.7,"Adeninephosphoribosyltransferase"
2.4.2.8,"Hypoxanthinephosphoribosyltransferase"
2.4.2.9,"Uracilphosphoribosyltransferase"
2.4.99.1,"Beta-galactosidealpha-2,6-sialyltransferase"
2.4.99.3,"Alpha-N-acetylgalactosaminidealpha-2,6-sialyltransferase"
2.4.99.4,"Beta-galactosidealpha-2,3-sialyltransferase"
2.4.99.6,"N-acetyllactosaminidealpha-2,3-sialyltransferase"
2.4.99.7,"6-alpha-sialyltransferase"
2.4.99.8,"Alpha-N-acetylneuraminatealpha-2,8-sialyltransferase"
2.4.99.9,"Lactosylceramidealpha-2,3-sialyltransferase"
2.5.1.1,"Dimethylallyltranstransferase"
2.5.1.10,"Geranyltranstransferase"
2.5.1.15,"Dihydropteroatesynthase"
2.5.1.16,"Spermidinesynthase"
2.5.1.17,"Cob(I)yrinicacida,c-diamideadenosyltransferase"
2.5.1.18,"Glutathionetransferase"
2.5.1.19,"3-phosphoshikimate1-carboxyvinyltransferase"
2.5.1.2,"Thiaminepyridinylase"
2.5.1.21,"Squalenesynthase"
2.5.1.22,"Sperminesynthase"
2.5.1.26,"Alkylglycerone-phosphatesynthase"
2.5.1.29,"Farnesyltranstransferase"
2.5.1.3,"Thiamine-phosphatediphosphorylase"
2.4.1.227,"Undecaprenyldiphospho-muramoylpentapeptide beta-N-acetylglucosaminyltransferase"
2.5.1.30,"Trans-hexaprenyltranstransferase"
2.5.1.31,"Di-trans,poly-cis-decaprenylcistransferase"
2.5.1.32,"Phytoenesynthase"
2.5.1.34,"Tryptophandimethylallyltransferase"
2.5.1.41,"Phosphoglycerolgeranylgeranyltransferase"
2.5.1.42,"Geranylgeranylglycerol-phosphategeranylgeranyltransferase"
2.5.1.43,"Nicotianaminesynthase"
2.5.1.44,"Homospermidinesynthase"
2.5.1.45,"Homospermidinesynthase(spermidine-specific)"
2.5.1.46,"Deoxyhypusinesynthase"
2.5.1.47,"Cysteinesynthase"
2.5.1.48,"Cystathioninegamma-synthase"
2.5.1.49,"O-acetylhomoserineaminocarboxypropyltransferase"
2.5.1.51,"Beta-pyrazolylalaninesynthase"
2.5.1.52,"L-mimosinesynthase"
2.5.1.54,"3-deoxy-7-phosphoheptulonatesynthase"
2.5.1.55,"3-deoxy-8-phosphooctulonatesynthase"
2.5.1.56,"N-acetylneuraminatesynthase"
2.5.1.57,"N-acylneuraminate-9-phosphatesynthase"
2.5.1.58,"Proteinfarnesyltransferase"
2.5.1.59,"ProteingeranylgeranyltransferasetypeI"
2.5.1.6,"Methionineadenosyltransferase"
2.5.1.60,"ProteingeranylgeranyltransferasetypeII"
2.5.1.61,"Hydroxymethylbilanesynthase"
2.5.1.62,"Chlorophyllsynthase"
2.5.1.65,"O-phosphoserinesulfhydrylase"
2.5.1.67,"Chrysanthemyldiphosphatesynthase"
2.5.1.68,"Z-farnesyldiphosphatesynthase"
2.5.1.7,"UDP-N-acetylglucosamine1-carboxyvinyltransferase"
2.5.1.72,"Quinolinatesynthase"
2.5.1.8,"tRNAisopentenyltransferase"
2.5.1.9,"Riboflavinsynthase"
2.6.1.1,"Aspartatetransaminase"
2.6.1.11,"Acetylornithinetransaminase"
2.6.1.13,"Ornithineaminotransferase"
2.6.1.16,"Glutamine--fructose-6-phosphatetransaminase(isomerizing)"
2.6.1.17,"Succinyldiaminopimelatetransaminase"
2.6.1.18,"Beta-alanine--pyruvatetransaminase"
2.6.1.19,"4-aminobutyratetransaminase"
2.6.1.2,"Alaninetransaminase"
2.6.1.21,"D-amino-acidtransaminase"
2.6.1.22,"(S)-3-amino-2-methylpropionatetransaminase"
2.6.1.36,"L-lysine6-transaminase"
2.6.1.37,"2-aminoethylphosphonate--pyruvatetransaminase"
2.6.1.39,"2-aminoadipatetransaminase"
2.6.1.40,"(R)-3-amino-2-methylpropionate--pyruvatetransaminase"
2.6.1.42,"Branched-chain-amino-acidtransaminase"
2.6.1.44,"Alanine--glyoxylatetransaminase"
2.6.1.45,"Serine--glyoxylatetransaminase"
2.6.1.5,"Tyrosinetransaminase"
2.6.1.50,"Glutamine--scyllo-inositoltransaminase"
2.6.1.51,"Serine--pyruvatetransaminase"
2.6.1.52,"Phosphoserinetransaminase"
2.6.1.57,"Aromatic-amino-acidtransaminase"
2.6.1.62,"Adenosylmethionine--8-amino-7-oxononanoatetransaminase"
2.6.1.64,"Glutamine--phenylpyruvatetransaminase"
2.6.1.66,"Valine--pyruvatetransaminase"
2.6.1.7,"Kynurenine--oxoglutaratetransaminase"
2.6.1.76,"Diaminobutyrate--2-oxoglutaratetransaminase"
2.6.1.77,"Taurine--pyruvateaminotransferase"
2.6.1.81,"Succinylornithinetransaminase"
2.6.1.82,"Putrescineaminotransferase"
2.6.1.83,"LL-diaminopimelateaminotransferase"
2.6.1.85,"Aminodeoxychorismatesynthase"
2.6.1.9,"Histidinol-phosphatetransaminase"
2.6.99.2,"Pyridoxine5{prime}-phosphatesynthase"
2.7.1.1,"Hexokinase"
2.7.1.100,"S-methyl-5-thioribosekinase"
2.7.1.103,"Viomycinkinase"
2.7.1.105,"6-phosphofructo-2-kinase"
2.7.1.106,"Glucose-1,6-bisphosphatesynthase"
2.7.1.107,"Diacylglycerolkinase"
2.7.1.108,"Dolicholkinase"
2.7.1.11,"6-phosphofructokinase"
2.7.1.113,"Deoxyguanosinekinase"
2.7.1.119,"Hygromycin-Bkinase"
2.7.1.12,"Gluconokinase"
2.7.1.127,"Inositol-trisphosphate3-kinase"
2.7.1.130,"Tetraacyldisaccharide4{prime}-kinase"
2.7.1.134,"Inositol-tetrakisphosphate1-kinase"
2.7.1.137,"Phosphatidylinositol3-kinase"
2.7.1.138,"Ceramidekinase"
2.7.1.14,"Sedoheptulokinase"
2.7.1.140,"Inositol-tetrakisphosphate5-kinase"
2.7.1.144,"Tagatose-6-phosphatekinase"
2.7.1.145,"Deoxynucleosidekinase"
2.7.1.146,"ADP-specificphosphofructokinase"
2.7.1.147,"ADP-specificglucokinase"
2.7.1.148,"4-(cytidine5{prime}-diphospho)-2-C-methyl-D-erythritolkinase"
2.7.1.149,"1-phosphatidylinositol-5-phosphate4-kinase"
2.7.1.15,"Ribokinase"
2.7.1.150,"1-phosphatidylinositol-3-phosphate5-kinase"
2.7.1.151,"Inositol-polyphosphatemultikinase"
2.7.1.153,"Phosphatidylinositol-4,5-bisphosphate3-kinase"
2.7.1.154,"Phosphatidylinositol-4-phosphate3-kinase"
2.7.1.156,"Adenosylcobinamidekinase"
2.7.1.157,"N-acetylgalactosaminekinase"
2.7.1.158,"Inositol-pentakisphosphate2-kinase"
2.7.1.159,"Inositol-1,3,4-trisphosphate5/6-kinase"
2.7.1.16,"Ribulokinase"
2.7.1.160,"2{prime}-phosphotransferase"
2.7.1.161,"CTP-dependentriboflavinkinase"
2.7.1.17,"Xylulokinase"
2.7.1.19,"Phosphoribulokinase"
2.7.1.2,"Glucokinase"
2.7.1.20,"Adenosinekinase"
2.7.1.21,"Thymidinekinase"
2.7.1.22,"Ribosylnicotinamidekinase"
2.7.1.23,"NAD(+)kinase"
2.7.1.24,"Dephospho-CoAkinase"
2.7.1.25,"Adenylyl-sulfatekinase"
2.7.1.26,"Riboflavinkinase"
2.7.1.29,"Glyceronekinase"
2.7.1.3,"Ketohexokinase"
2.7.1.30,"Glycerolkinase"
2.7.1.31,"Glyceratekinase"
2.7.1.32,"Cholinekinase"
2.7.1.33,"Pantothenatekinase"
2.7.1.35,"Pyridoxalkinase"
2.7.1.36,"Mevalonatekinase"
2.7.1.39,"Homoserinekinase"
2.7.1.4,"Fructokinase"
2.7.1.40,"Pyruvatekinase"
2.7.1.45,"2-dehydro-3-deoxygluconokinase"
2.7.1.48,"Uridinekinase"
2.7.1.5,"Rhamnulokinase"
2.7.1.50,"Hydroxyethylthiazolekinase"
2.7.1.51,"L-fuculokinase"
2.7.1.52,"Fucokinase"
2.7.1.53,"L-xylulokinase"
2.7.1.55,"Allosekinase"
2.7.1.56,"1-phosphofructokinase"
2.7.1.58,"2-dehydro-3-deoxygalactonokinase"
2.7.1.59,"N-acetylglucosaminekinase"
2.7.1.6,"Galactokinase"
2.7.1.60,"N-acylmannosaminekinase"
2.7.1.63,"Polyphosphate--glucosephosphotransferase"
2.7.1.67,"1-phosphatidylinositol4-kinase"
2.7.1.68,"1-phosphatidylinositol-4-phosphate5-kinase"
2.7.1.69,"Protein-N(pi)-phosphohistidine--sugarphosphotransferase"
2.7.1.7,"Mannokinase"
2.7.1.71,"Shikimatekinase"
2.7.1.72,"Streptomycin6-kinase"
2.7.1.73,"Inosinekinase"
2.7.1.74,"Deoxycytidinekinase"
2.7.1.76,"Deoxyadenosinekinase"
2.7.1.78,"Polynucleotide5{prime}-hydroxyl-kinase"
2.7.1.82,"Ethanolaminekinase"
2.7.1.86,"NADHkinase"
2.7.1.87,"Streptomycin3{prime}{prime}-kinase"
2.7.1.89,"Thiaminekinase"
2.7.1.90,"Diphosphate--fructose-6-phosphate1-phosphotransferase"
2.7.1.91,"Sphinganinekinase"
2.7.1.92,"5-dehydro-2-deoxygluconokinase"
2.7.1.94,"Acylglycerolkinase"
2.7.1.95,"Kanamycinkinase"
2.7.10.1,"Receptorprotein-tyrosinekinase"
2.7.10.2,"Non-specificprotein-tyrosinekinase"
2.7.11.1,"Non-specificserine/threonineproteinkinase"
2.7.11.10,"I-kappa-Bkinase"
2.7.11.11,"cAMP-dependentproteinkinase"
2.7.11.12,"cGMP-dependentproteinkinase"
2.7.11.13,"ProteinkinaseC"
2.7.11.14,"Rhodopsinkinase"
2.7.11.15,"[Beta-adrenergic-receptor]kinase"
2.7.11.16,"[G-protein-coupledreceptor]kinase"
2.7.11.17,"Calcium/calmodulin-dependentproteinkinase"
2.7.11.18,"[Myosinlight-chain]kinase"
2.7.11.19,"Phosphorylasekinase"
2.7.11.2,"[Pyruvatedehydrogenase(acetyl-transferring)]kinase"
2.7.11.20,"[Elongationfactor2]kinase"
2.7.11.21,"Polokinase"
2.7.11.22,"Cyclin-dependentkinase"
2.7.11.23,"[RNA-polymerase]-subunitkinase"
2.7.11.24,"Mitogen-activatedproteinkinase"
2.7.11.25,"Mitogen-activatedproteinkinasekinasekinase"
2.7.11.26,"[Tauprotein]kinase"
2.7.11.30,"Receptorproteinserine/threoninekinase"
2.7.11.4,"[3-methyl-2-oxobutanoatedehydrogenase(acetyl-transferring)]kinase"
2.7.11.5,"[Isocitratedehydrogenase(NADP(+))]kinase"
2.7.11.7,"[Myosinheavy-chain]kinase"
2.7.11.8,"Fas-activatedserine/threoninekinase"
2.7.12.1,"Dual-specificitykinase"
2.7.12.2,"Mitogen-activatedproteinkinasekinase"
2.7.13.3,"Histidinekinase"
2.7.2.1,"Acetatekinase"
2.7.2.11,"Glutamate5-kinase"
2.7.2.15,"Propionatekinase"
2.7.2.2,"Carbamatekinase"
2.7.2.3,"Phosphoglyceratekinase"
2.7.2.4,"Aspartatekinase"
2.7.2.7,"Butyratekinase"
2.7.2.8,"Acetylglutamatekinase"
2.7.3.1,"Guanidinoacetatekinase"
2.7.3.2,"Creatinekinase"
2.7.3.3,"Argininekinase"
2.7.3.4,"Taurocyaminekinase"
2.7.3.5,"Lombricinekinase"
2.7.3.9,"Phosphoenolpyruvate--proteinphosphotransferase"
2.7.4.1,"Polyphosphatekinase"
2.7.4.10,"Nucleoside-triphosphate--adenylatekinase"
2.7.4.13,"(Deoxy)nucleoside-phosphatekinase"
2.7.4.14,"Cytidylatekinase"
2.7.4.16,"Thiamine-phosphatekinase"
2.7.4.2,"Phosphomevalonatekinase"
2.7.4.21,"Inositol-hexakisphosphatekinase"
2.7.4.22,"UMPkinase"
2.7.4.24,"Diphosphoinositol-pentakisphosphatekinase"
2.7.4.3,"Adenylatekinase"
2.7.4.6,"Nucleoside-diphosphatekinase"
2.7.4.7,"Phosphomethylpyrimidinekinase"
2.7.4.8,"Guanylatekinase"
2.7.4.9,"dTMPkinase"
2.7.6.1,"Ribose-phosphatediphosphokinase"
2.7.6.2,"Thiaminediphosphokinase"
2.7.6.3,"2-amino-4-hydroxy-6-hydroxymethyldihydropteridinediphosphokinase"
2.7.6.5,"GTPdiphosphokinase"
2.7.7.1,"Nicotinamide-nucleotideadenylyltransferase"
2.7.7.12,"UDP-glucose--hexose-1-phosphateuridylyltransferase"
2.7.7.13,"Mannose-1-phosphateguanylyltransferase"
2.7.7.14,"Ethanolamine-phosphatecytidylyltransferase"
2.7.7.15,"Choline-phosphatecytidylyltransferase"
2.7.7.18,"Nicotinate-nucleotideadenylyltransferase"
2.7.7.19,"Polynucleotideadenylyltransferase"
2.7.7.2,"FADsynthetase"
2.7.7.21,"tRNAcytidylyltransferase"
2.7.7.23,"UDP-N-acetylglucosaminediphosphorylase"
2.7.7.24,"Glucose-1-phosphatethymidylyltransferase"
2.7.7.25,"tRNAadenylyltransferase"
2.7.7.27,"Glucose-1-phosphateadenylyltransferase"
2.7.7.3,"Pantetheine-phosphateadenylyltransferase"
2.7.7.30,"Fucose-1-phosphateguanylyltransferase"
2.7.7.31,"DNAnucleotidylexotransferase"
2.7.7.33,"Glucose-1-phosphatecytidylyltransferase"
2.7.7.38,"3-deoxy-manno-octulosonatecytidylyltransferase"
2.7.7.39,"Glycerol-3-phosphatecytidylyltransferase"
2.7.7.4,"Sulfateadenylyltransferase"
2.7.7.40,"D-ribitol-5-phosphatecytidylyltransferase"
2.7.7.41,"Phosphatidatecytidylyltransferase"
2.7.7.42,"[Glutamate--ammonia-ligase]adenylyltransferase"
2.7.7.43,"N-acylneuraminatecytidylyltransferase"
2.7.7.46,"Gentamicin2{prime}{prime}-nucleotidyltransferase"
2.7.7.47,"Streptomycin3{prime}{prime}-adenylyltransferase"
2.7.7.48,"RNA-directedRNApolymerase"
2.7.7.49,"RNA-directedDNApolymerase"
2.7.7.5,"Sulfateadenylyltransferase(ADP)"
2.7.7.50,"mRNAguanylyltransferase"
2.7.7.52,"RNAuridylyltransferase"
2.7.7.53,"ATPadenylyltransferase"
2.7.7.56,"tRNAnucleotidyltransferase"
2.7.7.58,"(2,3-dihydroxybenzoyl)adenylatesynthase"
2.7.7.59,"[Protein-PII]uridylyltransferase"
2.7.7.6,"DNA-directedRNApolymerase"
2.7.7.60,"2-C-methyl-D-erythritol4-phosphatecytidylyltransferase"
2.7.7.61,"Citratelyaseholo-[acyl-carrier-protein]synthase"
2.7.7.62,"Adenosylcobinamide-phosphateguanylyltransferase"
2.7.7.63,"Lipoate--proteinligase"
2.7.7.64,"UTP-monosaccharide-1-phosphateuridylyltransferase"
2.7.7.65,"Diguanylatekinase"
2.7.7.66,"Malonatedecarboxylaseholo-[acyl-carrier-protein]synthase"
2.7.7.7,"DNA-directedDNApolymerase"
2.7.7.8,"Polyribonucleotidenucleotidyltransferase"
2.7.7.9,"UTP--glucose-1-phosphateuridylyltransferase"
2.7.8.1,"Ethanolaminephosphotransferase"
2.7.8.11,"CDP-diacylglycerol--inositol3-phosphatidyltransferase"
2.7.8.12,"CDP-glycerolglycerophosphotransferase"
2.7.8.13,"Phospho-N-acetylmuramoyl-pentapeptide-transferase"
2.7.8.14,"CDP-ribitolribitolphosphotransferase"
2.7.8.2,"Diacylglycerolcholinephosphotransferase"
2.7.8.20,"Phosphatidylglycerol--membrane-oligosaccharideglycerophosphotransferase"
2.7.8.23,"Carboxyvinyl-carboxyphosphonatephosphorylmutase"
2.7.8.24,"Phosphatidylcholinesynthase"
2.7.8.25,"Triphosphoribosyl-dephospho-CoAsynthase"
2.7.8.27,"Sphingomyelinsynthase"
2.7.8.5,"CDP-diacylglycerol--glycerol-3-phosphate3-phosphatidyltransferase"
2.7.8.6,"Undecaprenyl-phosphategalactosephosphotransferase"
2.7.8.7,"Holo-[acyl-carrier-protein]synthase"
2.7.8.8,"CDP-diacylglycerol--serineO-phosphatidyltransferase"
2.7.9.1,"Pyruvate,phosphatedikinase"
2.7.9.2,"Pyruvate,waterdikinase"
2.7.9.3,"Selenide,waterdikinase"
2.7.9.4,"Alpha-glucan,waterdikinase"
2.7.9.5,"Phosphoglucan,waterdikinase"
2.8.1.1,"Thiosulfatesulfurtransferase"
2.8.1.2,"3-mercaptopyruvatesulfurtransferase"
2.8.1.6,"Biotinsynthase"
2.8.1.7,"Cysteinedesulfurase"
2.8.1.8,"Lipoylsynthase"
2.8.2.1,"Arylsulfotransferase"
2.8.2.11,"Galactosylceramidesulfotransferase"
2.8.2.14,"Bile-saltsulfotransferase"
2.8.2.17,"Chondroitin6-sulfotransferase"
2.8.2.2,"Alcoholsulfotransferase"
2.8.2.20,"Protein-tyrosinesulfotransferase"
2.8.2.21,"Keratansulfotransferase"
2.8.2.23,"[Heparansulfate]-glucosamine3-sulfotransferase1"
2.8.2.29,"[Heparansulfate]-glucosamine3-sulfotransferase2"
2.8.2.3,"Aminesulfotransferase"
2.8.2.30,"[Heparansulfate]-glucosamine3-sulfotransferase3"
2.8.2.33,"N-acetylgalactosamine4-sulfate6-O-sulfotransferase"
2.8.2.4,"Estronesulfotransferase"
2.8.2.5,"Chondroitin4-sulfotransferase"
2.8.2.8,"[Heparansulfate]-glucosamineN-sulfotransferase"
2.8.3.10,"CitrateCoA-transferase"
2.8.3.12,"GlutaconateCoA-transferase"
2.8.3.16,"Formyl-CoAtransferase"
2.8.3.5,"3-oxoacidCoA-transferase"
2.8.3.6,"3-oxoadipateCoA-transferase"
2.8.3.8,"AcetateCoA-transferase"
2.8.3.9,"Butyrate--acetoacetateCoA-transferase"
2.8.4.1,"Coenzyme-Bsulfoethylthiotransferase"
2.9.1.1,"L-seryl-tRNA(Sec)seleniumtransferase"
3.1.1.1,"Carboxylesterase"
3.1.1.10,"Tropinesterase"
3.1.1.11,"Pectinesterase"
3.1.1.13,"Sterolesterase"
3.1.1.14,"Chlorophyllase"
3.1.1.17,"Gluconolactonase"
3.1.1.2,"Arylesterase"
3.1.1.20,"Tannase"
3.1.1.22,"Hydroxybutyrate-dimerhydrolase"
3.1.1.23,"Acylglycerollipase"
3.1.1.24,"3-oxoadipateenol-lactonase"
3.1.1.29,"Aminoacyl-tRNAhydrolase"
3.1.1.3,"Triacylglycerollipase"
3.1.1.31,"6-phosphogluconolactonase"
3.1.1.32,"PhospholipaseA(1)"
3.1.1.34,"Lipoproteinlipase"
3.1.1.4,"PhospholipaseA(2)"
3.1.1.41,"Cephalosporin-Cdeacetylase"
3.1.1.45,"Carboxymethylenebutenolidase"
3.1.1.47,"1-alkyl-2-acetylglycerophosphocholineesterase"
3.1.1.5,"Lysophospholipase"
3.1.1.53,"SialateO-acetylesterase"
3.1.1.59,"Juvenile-hormoneesterase"
3.1.1.61,"Protein-glutamatemethylesterase"
3.1.1.67,"Fatty-acyl-ethyl-estersynthase"
3.1.1.7,"Acetylcholinesterase"
3.1.1.72,"Acetylxylanesterase"
3.1.1.73,"Feruloylesterase"
3.1.1.74,"Cutinase"
3.1.1.75,"Poly(3-hydroxybutyrate)depolymerase"
3.1.1.76,"Poly(3-hydroxyoctanoate)depolymerase"
2.7.8.17,"UDP-N-acetylglucosamine--lysosomal-enzyme N-acetylglucosaminephosphotransferase"
3.1.1.77,"Acyloxyacylhydrolase"
3.1.1.78,"Polyneuridine-aldehydeesterase"
3.1.1.79,"Hormone-sensitivelipase"
3.1.1.8,"Cholinesterase"
3.1.11.1,"ExodeoxyribonucleaseI"
3.1.11.2,"ExodeoxyribonucleaseIII"
3.1.11.3,"Exodeoxyribonuclease(lambda-induced)"
3.1.11.5,"ExodeoxyribonucleaseV"
3.1.11.6,"ExodeoxyribonucleaseVII"
3.1.13.1,"ExoribonucleaseII"
3.1.13.4,"Poly(A)-specificribonuclease"
3.1.13.5,"RibonucleaseD"
3.1.2.1,"Acetyl-CoAhydrolase"
3.1.2.12,"S-formylglutathionehydrolase"
3.1.2.14,"Oleoyl-[acyl-carrier-protein]hydrolase"
3.1.2.15,"Ubiquitinthiolesterase"
3.1.2.2,"Palmitoyl-CoAhydrolase"
3.1.2.22,"Palmitoyl-proteinhydrolase"
3.1.2.23,"4-hydroxybenzoyl-CoAthioesterase"
3.1.2.26,"Bile-acid-CoAhydrolase"
3.1.2.27,"Choloyl-CoAhydrolase"
3.1.2.4,"3-hydroxyisobutyryl-CoAhydrolase"
3.1.2.6,"Hydroxyacylglutathionehydrolase"
3.1.21.1,"DeoxyribonucleaseI"
3.1.21.2,"DeoxyribonucleaseIV(phage-T(4)-induced)"
3.1.21.3,"TypeIsite-specificdeoxyribonuclease"
3.1.21.4,"TypeIIsite-specificdeoxyribonuclease"
3.1.21.5,"TypeIIIsite-specificdeoxyribonuclease"
3.1.21.7,"DeoxyribonucleaseV"
3.1.22.1,"DeoxyribonucleaseII"
3.1.22.4,"Crossoverjunctionendodeoxyribonuclease"
3.1.25.1,"Deoxyribonuclease(pyrimidinedimer)"
3.1.26.11,"RibonucleaseZ"
3.1.26.12,"RibonucleaseE"
3.1.26.3,"RibonucleaseIII"
3.1.26.4,"RibonucleaseH"
3.1.26.5,"RibonucleaseP"
3.1.27.1,"RibonucleaseT(2)"
3.1.27.10,"rRNAendonuclease"
3.1.27.3,"RibonucleaseT(1)"
3.1.27.4,"RibonucleaseU(2)"
3.1.27.5,"Pancreaticribonuclease"
3.1.27.6,"Enterobacterribonuclease"
3.1.27.9,"tRNA-intronendonuclease"
3.1.3.1,"Alkalinephosphatase"
3.1.3.10,"Glucose-1-phosphatase"
3.1.3.11,"Fructose-bisphosphatase"
3.1.3.12,"Trehalose-phosphatase"
3.1.3.13,"Bisphosphoglyceratephosphatase"
3.1.3.15,"Histidinol-phosphatase"
3.1.3.16,"Phosphoproteinphosphatase"
3.1.3.18,"Phosphoglycolatephosphatase"
3.1.3.2,"Acidphosphatase"
3.1.3.23,"Sugar-phosphatase"
3.1.3.24,"Sucrose-phosphatephosphatase"
3.1.3.25,"Inositol-phosphatephosphatase"
3.1.3.26,"4-phytase"
3.1.3.27,"Phosphatidylglycerophosphatase"
3.1.3.29,"N-acylneuraminate-9-phosphatase"
3.1.3.3,"Phosphoserinephosphatase"
3.1.3.32,"Polynucleotide3{prime}-phosphatase"
3.1.3.33,"Polynucleotide5{prime}-phosphatase"
3.1.3.36,"Phosphoinositide5-phosphatase"
3.1.3.37,"Sedoheptulose-bisphosphatase"
3.1.3.39,"Streptomycin-6-phosphatase"
3.1.3.4,"Phosphatidatephosphatase"
3.1.3.41,"4-nitrophenylphosphatase"
3.1.3.43,"[Pyruvatedehydrogenase(acetyl-transferring)]-phosphatase"
3.1.3.45,"3-deoxy-manno-octulosonate-8-phosphatase"
3.1.3.46,"Fructose-2,6-bisphosphate2-phosphatase"
3.1.3.48,"Protein-tyrosine-phosphatase"
3.1.3.5,"5{prime}-nucleotidase"
3.1.3.56,"Inositol-polyphosphate5-phosphatase"
3.1.3.57,"Inositol-1,4-bisphosphate1-phosphatase"
3.1.3.6,"3{prime}-nucleotidase"
3.1.3.62,"Multipleinositol-polyphosphatephosphatase"
3.1.3.66,"Phosphatidylinositol-3,4-bisphosphate4-phosphatase"
3.1.3.67,"Phosphatidylinositol-3,4,5-trisphosphate3-phosphatase"
3.1.3.68,"2-deoxyglucose-6-phosphatase"
3.1.3.69,"Glucosylglycerol3-phosphatase"
3.1.3.7,"3{prime}(2{prime}),5{prime}-bisphosphatenucleotidase"
3.1.3.70,"Mannosyl-3-phosphoglyceratephosphatase"
3.1.3.71,"2-phosphosulfolactatephosphatase"
3.1.3.73,"Alpha-ribazolephosphatase"
3.1.3.74,"Pyridoxalphosphatase"
3.1.3.75,"Phosphoethanolamine/phosphocholinephosphatase"
3.1.3.77,"Acireductonesynthase"
3.1.3.78,"Phosphatidylinositol-4,5-bisphosphate4-phosphatase"
3.1.3.8,"3-phytase"
3.1.3.9,"Glucose-6-phosphatase"
3.1.30.1,"AspergillusnucleaseS(1)"
3.1.30.2,"Serratiamarcescensnuclease"
3.1.31.1,"Micrococcalnuclease"
3.1.4.1,"PhosphodiesteraseI"
3.1.4.11,"PhosphoinositidephospholipaseC"
3.1.4.12,"Sphingomyelinphosphodiesterase"
3.1.4.14,"[Acyl-carrier-protein]phosphodiesterase"
3.1.4.16,"2{prime},3{prime}-cyclic-nucleotide2{prime}-phosphodiesterase"
3.1.4.17,"3{prime},5{prime}-cyclic-nucleotidephosphodiesterase"
3.1.4.3,"PhospholipaseC"
3.1.4.35,"3{prime},5{prime}-cyclic-GMPphosphodiesterase"
3.1.4.37,"2{prime},3{prime}-cyclic-nucleotide3{prime}-phosphodiesterase"
3.1.4.39,"Alkylglycerophosphoethanolaminephosphodiesterase"
3.1.4.4,"PhospholipaseD"
3.1.4.41,"SphingomyelinphosphodiesteraseD"
3.1.4.44,"Glycerophosphoinositolglycerophosphodiesterase"
3.1.4.45,"N-acetylglucosamine-1-phosphodiesteralpha-N-acetylglucosaminidase"
3.1.4.46,"Glycerophosphodiesterphosphodiesterase"
3.1.4.50,"GlycosylphosphatidylinositolphospholipaseD"
3.1.4.53,"3{prime},5{prime}-cyclic-AMPphosphodiesterase"
3.1.5.1,"dGTPase"
3.1.6.1,"Arylsulfatase"
3.1.6.12,"N-acetylgalactosamine-4-sulfatase"
3.1.6.13,"Iduronate-2-sulfatase"
3.1.6.14,"N-acetylglucosamine-6-sulfatase"
3.1.6.2,"Steryl-sulfatase"
3.1.6.4,"N-acetylgalactosamine-6-sulfatase"
3.1.6.6,"Choline-sulfatase"
3.1.6.8,"Cerebroside-sulfatase"
3.1.7.2,"Guanosine-3{prime},5{prime}-bis(diphosphate)3{prime}-diphosphatase"
3.1.8.1,"Aryldialkylphosphatase"
3.1.8.2,"Diisopropyl-fluorophosphatase"
3.10.1.1,"N-sulfoglucosaminesulfohydrolase"
3.11.1.1,"Phosphonoacetaldehydehydrolase"
3.13.1.1,"UDP-sulfoquinovosesynthase"
3.13.1.3,"2{prime}-hydroxybiphenyl-2-sulfinatedesulfinase"
3.2.1.1,"Alpha-amylase"
3.2.1.10,"Oligo-1,6-glucosidase"
3.2.1.101,"Mannanendo-1,6-alpha-mannosidase"
3.2.1.106,"Mannosyl-oligosaccharideglucosidase"
3.2.1.108,"Lactase"
3.2.1.11,"Dextranase"
3.2.1.113,"Mannosyl-oligosaccharide1,2-alpha-mannosidase"
3.2.1.114,"Mannosyl-oligosaccharide1,3-1,6-alpha-mannosidase"
3.2.1.117,"Amygdalinbeta-glucosidase"
3.2.1.118,"Prunasinbeta-glucosidase"
3.2.1.122,"Maltose-6{prime}-phosphateglucosidase"
3.2.1.129,"Endo-alpha-sialidase"
3.2.1.130,"Glycoproteinendo-alpha-1,2-mannosidase"
3.2.1.132,"Chitosanase"
3.2.1.133,"Glucan1,4-alpha-maltohydrolase"
3.2.1.135,"Neopullulanase"
3.2.1.136,"Glucuronoarabinoxylanendo-1,4-beta-xylanase"
3.2.1.139,"Alpha-glucuronidase"
3.2.1.14,"Chitinase"
3.2.1.141,"4-alpha-D-((1->4)-alpha-D-glucano)trehalosetrehalohydrolase"
3.2.1.143,"Poly(ADP-ribose)glycohydrolase"
3.2.1.147,"Thioglucosidase"
3.2.1.15,"Polygalacturonase"
3.2.1.152,"Mannosylglycoproteinendo-beta-mannosidase"
3.2.1.17,"Lysozyme"
3.2.1.18,"Exo-alpha-sialidase"
3.2.1.2,"Beta-amylase"
3.2.1.20,"Alpha-glucosidase"
3.2.1.21,"Beta-glucosidase"
3.2.1.22,"Alpha-galactosidase"
3.2.1.23,"Beta-galactosidase"
3.2.1.24,"Alpha-mannosidase"
3.2.1.25,"Beta-mannosidase"
3.2.1.26,"Beta-fructofuranosidase"
3.2.1.28,"Alpha,alpha-trehalase"
3.2.1.3,"Glucan1,4-alpha-glucosidase"
3.2.1.31,"Beta-glucuronidase"
3.2.1.33,"Amylo-alpha-1,6-glucosidase"
3.2.1.35,"Hyaluronoglucosaminidase"
3.2.1.37,"Xylan1,4-beta-xylosidase"
3.2.1.39,"Glucanendo-1,3-beta-D-glucosidase"
3.2.1.4,"Cellulase"
3.2.1.41,"Pullulanase"
3.2.1.45,"Glucosylceramidase"
3.2.1.46,"Galactosylceramidase"
3.2.1.48,"Sucrosealpha-glucosidase"
3.2.1.49,"Alpha-N-acetylgalactosaminidase"
3.2.1.50,"Alpha-N-acetylglucosaminidase"
3.2.1.51,"Alpha-L-fucosidase"
3.2.1.52,"Beta-N-acetylhexosaminidase"
3.2.1.54,"Cyclomaltodextrinase"
3.2.1.55,"Alpha-N-arabinofuranosidase"
3.2.1.57,"Isopullulanase"
3.2.1.58,"Glucan1,3-beta-glucosidase"
3.2.1.59,"Glucanendo-1,3-alpha-glucosidase"
3.2.1.6,"Endo-1,3(4)-beta-glucanase"
3.2.1.60,"Glucan1,4-alpha-maltotetraohydrolase"
3.2.1.62,"Glycosylceramidase"
3.2.1.64,"2,6-beta-fructan6-levanbiohydrolase"
3.2.1.65,"Levanase"
3.2.1.67,"Galacturan1,4-alpha-galacturonidase"
3.2.1.68,"Isoamylase"
3.2.1.7,"Inulinase"
3.2.1.70,"Glucan1,6-alpha-glucosidase"
3.2.1.73,"Licheninase"
3.2.1.75,"Glucanendo-1,6-beta-glucosidase"
3.2.1.76,"L-iduronidase"
3.2.1.78,"Mannanendo-1,4-beta-mannosidase"
3.2.1.8,"Endo-1,4-beta-xylanase"
3.2.1.80,"Fructanbeta-fructosidase"
3.2.1.81,"Beta-agarase"
3.2.1.82,"Exo-poly-alpha-galacturonosidase"
3.2.1.83,"Kappa-carrageenase"
3.2.1.84,"Glucan1,3-alpha-glucosidase"
3.2.1.85,"6-phospho-beta-galactosidase"
3.2.1.86,"6-phospho-beta-glucosidase"
3.2.1.89,"Arabinogalactanendo-1,4-beta-galactosidase"
3.2.1.91,"Cellulose1,4-beta-cellobiosidase"
3.2.1.93,"Alpha,alpha-phosphotrehalase"
3.2.1.94,"Glucan1,6-alpha-isomaltosidase"
3.2.1.96,"Mannosyl-glycoproteinendo-beta-N-acetylglucosaminidase"
3.2.1.98,"Glucan1,4-alpha-maltohexaosidase"
3.2.1.99,"Arabinanendo-1,5-alpha-L-arabinosidase"
3.2.2.19,"[ProteinADP-ribosylarginine]hydrolase"
3.2.2.20,"DNA-3-methyladenineglycosylaseI"
3.2.2.21,"DNA-3-methyladenineglycosylaseII"
3.2.2.22,"rRNAN-glycosylase"
3.2.2.23,"DNA-formamidopyrimidineglycosylase"
3.2.2.24,"ADP-ribosyl-[dinitrogenreductase]hydrolase"
3.2.2.3,"Uridinenucleosidase"
3.2.2.4,"AMPnucleosidase"
3.2.2.5,"NAD(+)nucleosidase"
3.2.2.8,"Ribosylpyrimidinenucleosidase"
3.2.2.9,"Adenosylhomocysteinenucleosidase"
3.3.1.1,"Adenosylhomocysteinase"
3.3.1.2,"Adenosylmethioninehydrolase"
3.3.2.1,"Isochorismatase"
3.3.2.10,"Solubleepoxidehydrolase"
3.3.2.6,"Leukotriene-A(4)hydrolase"
3.3.2.8,"Limonene-1,2-epoxidehydrolase"
3.3.2.9,"Microsomalepoxidehydrolase"
3.4.11.1,"Leucylaminopeptidase"
3.4.11.10,"Bacterialleucylaminopeptidase"
3.4.11.15,"AminopeptidaseY"
3.4.11.18,"Methionylaminopeptidase"
3.4.11.19,"D-stereospecificaminopeptidase"
3.4.11.2,"Membranealanylaminopeptidase"
3.4.11.21,"Aspartylaminopeptidase"
3.4.11.22,"AminopeptidaseI"
3.4.11.23,"PepBaminopeptidase"
3.4.11.24,"AminopeptidaseS"
3.4.11.3,"Cystinylaminopeptidase"
3.4.11.4,"Tripeptideaminopeptidase"
3.4.11.5,"Prolylaminopeptidase"
3.4.11.6,"AminopeptidaseB"
3.4.11.7,"Glutamylaminopeptidase"
3.4.11.9,"Xaa-Proaminopeptidase"
3.4.13.19,"Membranedipeptidase"
3.4.13.20,"Beta-Ala-Hisdipeptidase"
3.4.13.21,"DipeptidaseE"
3.4.13.22,"D-Ala-D-Aladipeptidase"
3.4.13.3,"Xaa-Hisdipeptidase"
3.4.13.9,"Xaa-Prodipeptidase"
3.4.14.1,"Dipeptidyl-peptidaseI"
3.4.14.10,"Tripeptidyl-peptidaseII"
3.4.14.11,"Xaa-Prodipeptidyl-peptidase"
3.4.14.2,"Dipeptidyl-peptidaseII"
3.4.14.4,"Dipeptidyl-peptidaseIII"
3.4.14.5,"Dipeptidyl-peptidaseIV"
3.4.14.9,"Tripeptidyl-peptidaseI"
3.4.15.1,"Peptidyl-dipeptidaseA"
3.4.15.5,"Peptidyl-dipeptidaseDcp"
3.4.15.6,"Cyanophycinase"
3.4.16.2,"LysosomalPro-Xaacarboxypeptidase"
3.4.16.4,"Serine-typeD-Ala-D-Alacarboxypeptidase"
3.4.16.5,"CarboxypeptidaseC"
3.4.16.6,"CarboxypeptidaseD"
3.4.17.1,"CarboxypeptidaseA"
3.4.17.10,"CarboxypeptidaseE"
3.4.17.11,"Glutamatecarboxypeptidase"
3.4.17.12,"CarboxypeptidaseM"
3.4.17.13,"Muramoyltetrapeptidecarboxypeptidase"
3.4.17.14,"ZincD-Ala-D-Alacarboxypeptidase"
3.4.17.15,"CarboxypeptidaseA2"
3.4.17.18,"CarboxypeptidaseT"
3.4.17.19,"CarboxypeptidaseTaq"
3.4.17.2,"CarboxypeptidaseB"
3.4.17.20,"CarboxypeptidaseU"
3.4.17.21,"GlutamatecarboxypeptidaseII"
3.4.17.22,"MetallocarboxypeptidaseD"
3.4.17.3,"Lysinecarboxypeptidase"
3.4.17.4,"Gly-Xaacarboxypeptidase"
3.4.17.6,"Alaninecarboxypeptidase"
3.4.18.1,"CathepsinX"
3.4.19.1,"Acylaminoacyl-peptidase"
3.4.19.11,"Gamma-D-glutamyl-meso-diaminopimelatepeptidase"
3.4.19.12,"Ubiquitinylhydrolase1"
3.4.19.3,"Pyroglutamyl-peptidaseI"
3.4.19.5,"Beta-aspartyl-peptidase"
3.4.19.6,"Pyroglutamyl-peptidaseII"
3.4.19.9,"Gamma-glutamylhydrolase"
3.4.21.1,"Chymotrypsin"
3.4.21.10,"Acrosin"
3.4.21.100,"Sedolisin"
3.4.21.101,"Xanthomonalisin"
3.4.21.102,"C-terminalprocessingpeptidase"
3.4.21.103,"Physarolisin"
3.4.21.104,"Mannan-bindinglectin-associatedserineprotease-2"
3.4.21.105,"Rhomboidprotease"
3.4.21.106,"Hepsin"
3.4.21.108,"HtrA2peptidase"
3.4.21.109,"Matriptase"
3.4.21.110,"C5apeptidase"
3.4.21.111,"Aqualysin1"
3.4.21.112,"Site-1protease"
3.4.21.113,"PestivirusNS3polyproteinpeptidase"
3.4.21.116,"SpoIVBpeptidase"
3.4.21.117,"Stratumcorneumchymotrypticenzyme"
3.4.21.118,"Kallikrein8"
3.4.21.119,"Kallikrein13"
3.4.21.12,"Alpha-lyticendopeptidase"
3.4.21.120,"Oviductin"
3.4.21.19,"Glutamylendopeptidase"
3.4.21.2,"ChymotrypsinC"
3.4.21.20,"CathepsinG"
3.4.21.21,"CoagulationfactorVIIa"
3.4.21.22,"CoagulationfactorIXa"
3.4.21.25,"Cucumisin"
3.4.21.26,"Prolyloligopeptidase"
3.4.21.27,"CoagulationfactorXIa"
3.4.21.32,"Brachyurin"
3.4.21.34,"Plasmakallikrein"
3.4.21.35,"Tissuekallikrein"
3.4.21.36,"Pancreaticelastase"
3.4.21.37,"Leukocyteelastase"
3.4.21.38,"CoagulationfactorXIIa"
3.4.21.39,"Chymase"
3.4.21.4,"Trypsin"
3.4.21.41,"ComplementsubcomponentC1r"
3.4.21.42,"ComplementsubcomponentC1s"
3.4.21.43,"Classical-complement-pathwayC3/C5convertase"
3.4.21.45,"ComplementfactorI"
3.4.21.46,"ComplementfactorD"
3.4.21.47,"Alternative-complement-pathwayC3/C5convertase"
3.4.21.48,"Cerevisin"
3.4.21.5,"Thrombin"
3.4.21.50,"Lysylendopeptidase"
3.4.21.53,"EndopeptidaseLa"
3.4.21.54,"Gamma-renin"
3.4.21.55,"VenombinAB"
3.4.21.59,"Tryptase"
3.4.21.6,"CoagulationfactorXa"
3.4.21.61,"Kexin"
3.4.21.62,"Subtilisin"
3.4.21.63,"Oryzin"
3.4.21.64,"PeptidaseK"
3.4.21.65,"Thermomycolin"
3.4.21.66,"Thermitase"
3.4.21.68,"T-plasminogenactivator"
3.4.21.69,"ProteinC(activated)"
3.4.21.7,"Plasmin"
3.4.21.70,"PancreaticendopeptidaseE"
3.4.21.71,"PancreaticelastaseII"
3.4.21.72,"IgA-specificserineendopeptidase"
3.4.21.73,"U-plasminogenactivator"
3.4.21.74,"VenombinA"
3.4.21.75,"Furin"
3.4.21.76,"Myeloblastin"
3.4.21.77,"Semenogelase"
3.4.21.78,"GranzymeA"
3.4.21.79,"GranzymeB"
3.4.21.80,"StreptogrisinA"
3.4.21.81,"StreptogrisinB"
3.4.21.82,"GlutamylendopeptidaseII"
3.4.21.83,"OligopeptidaseB"
3.4.21.84,"LimulusclottingfactorC"
3.4.21.86,"Limulusclottingenzyme"
3.4.21.88,"RepressorlexA"
3.4.21.89,"SignalpeptidaseI"
3.4.21.9,"Enteropeptidase"
3.4.21.91,"Flavivirin"
3.4.21.92,"EndopeptidaseClp"
3.4.21.93,"Proproteinconvertase1"
3.4.21.94,"Proproteinconvertase2"
3.4.21.95,"SnakevenomfactorVactivator"
3.4.21.96,"Lactocepin"
3.4.21.97,"Assemblin"
3.4.21.98,"Hepacivirin"
3.4.22.1,"CathepsinB"
3.4.22.10,"Streptopain"
3.4.22.14,"Actinidain"
3.4.22.15,"CathepsinL"
3.4.22.16,"CathepsinH"
3.4.22.2,"Papain"
3.4.22.25,"Glycylendopeptidase"
3.4.22.27,"CathepsinS"
3.4.22.28,"Picornain3C"
3.4.22.29,"Picornain2A"
3.4.22.30,"Caricain"
3.4.22.31,"Ananain"
3.4.22.32,"Stembromelain"
3.4.22.33,"Fruitbromelain"
3.4.22.34,"Legumain"
3.4.22.36,"Caspase-1"
3.4.22.37,"GingipainR"
3.4.22.38,"CathepsinK"
3.4.22.39,"Adenain"
3.4.22.40,"Bleomycinhydrolase"
3.4.22.41,"CathepsinF"
3.4.22.42,"CathepsinO"
3.4.22.43,"CathepsinV"
3.4.22.44,"Nuclear-inclusion-aendopeptidase"
3.4.22.45,"Helper-componentproteinase"
3.4.22.46,"L-peptidase"
3.4.22.48,"Staphopain"
3.4.22.49,"Separase"
3.4.22.50,"V-cathendopeptidase"
3.4.22.51,"Cruzipain"
3.4.22.52,"Calpain-1"
3.4.22.53,"Calpain-2"
3.4.22.54,"Calpain-3"
3.4.22.55,"Caspase-2"
3.4.22.56,"Caspase-3"
3.4.22.57,"Caspase-4"
3.4.22.58,"Caspase-5"
3.4.22.59,"Caspase-6"
3.4.22.6,"Chymopapain"
3.4.22.60,"Caspase-7"
3.4.22.61,"Caspase-8"
3.4.22.62,"Caspase-9"
3.4.22.63,"Caspase-10"
3.4.22.64,"Caspase-11"
3.4.22.65,"Peptidase1(mite)"
3.4.22.66,"Calicivirin"
3.4.22.67,"Zingipain"
3.4.22.68,"Ulp1peptidase"
3.4.22.8,"Clostripain"
3.4.23.1,"PepsinA"
3.4.23.12,"Nepenthesin"
3.4.23.15,"Renin"
3.4.23.16,"HIV-1retropepsin"
3.4.23.18,"AspergillopepsinI"
3.4.23.19,"AspergillopepsinII"
3.4.23.2,"PepsinB"
3.4.23.20,"Penicillopepsin"
3.4.23.21,"Rhizopuspepsin"
3.4.23.22,"Endothiapepsin"
3.4.23.23,"Mucorpepsin"
3.4.23.24,"Candidapepsin"
3.4.23.25,"Saccharopepsin"
3.4.23.29,"Polyporopepsin"
3.4.23.3,"Gastricsin"
3.4.23.32,"ScytalidopepsinB"
3.4.23.34,"CathepsinE"
3.4.23.35,"Barrierpepsin"
3.4.23.36,"SignalpeptidaseII"
3.4.23.38,"PlasmepsinI"
3.4.23.39,"PlasmepsinII"
3.4.23.4,"Chymosin"
3.4.23.40,"Phytepsin"
3.4.23.41,"Yapsin1"
3.4.23.42,"Thermopsin"
3.4.23.43,"Prepilinpeptidase"
3.4.23.44,"Nodavirusendopeptidase"
3.4.23.45,"Memapsin1"
3.4.23.46,"Memapsin2"
3.4.23.47,"HIV-2retropepsin"
3.4.23.48,"PlasminogenactivatorPla"
3.4.23.49,"Omptin"
3.4.23.5,"CathepsinD"
3.4.24.1,"AtrolysinA"
3.4.24.11,"Neprilysin"
3.4.24.12,"Envelysin"
3.4.24.13,"IgA-specificmetalloendopeptidase"
3.4.24.14,"ProcollagenN-endopeptidase"
3.4.24.15,"Thimetoligopeptidase"
3.4.24.16,"Neurolysin"
3.4.24.17,"Stromelysin1"
3.4.24.18,"MeprinA"
3.4.24.19,"ProcollagenC-endopeptidase"
3.4.24.20,"Peptidyl-Lysmetalloendopeptidase"
3.4.24.21,"Astacin"
3.4.24.22,"Stromelysin2"
3.4.24.23,"Matrilysin"
3.4.24.24,"GelatinaseA"
3.4.24.25,"Vibriolysin"
3.4.24.26,"Pseudolysin"
3.4.24.27,"Thermolysin"
3.4.24.28,"Bacillolysin"
3.4.24.29,"Aureolysin"
3.4.24.3,"Microbialcollagenase"
3.4.24.31,"Mycolysin"
3.4.24.32,"Beta-lyticmetalloendopeptidase"
3.4.24.34,"Neutrophilcollagenase"
3.4.24.35,"GelatinaseB"
3.4.24.36,"Leishmanolysin"
3.4.24.37,"Saccharolysin"
3.4.24.38,"Gametolysin"
3.4.24.39,"Deuterolysin"
3.4.24.40,"Serralysin"
3.4.24.41,"AtrolysinB"
3.4.24.42,"AtrolysinC"
3.4.24.43,"Atroxase"
3.4.24.44,"AtrolysinE"
3.4.24.46,"Adamalysin"
3.4.24.48,"Ruberlysin"
3.4.24.49,"Bothropasin"
3.4.24.50,"Bothrolysin"
3.4.24.52,"TrimerelysinI"
3.4.24.53,"TrimerelysinII"
3.4.24.55,"Pitrilysin"
3.4.24.56,"Insulysin"
3.4.24.57,"O-sialoglycoproteinendopeptidase"
3.4.24.58,"Russellysin"
3.4.24.59,"Mitochondrialintermediatepeptidase"
3.4.24.61,"Nardilysin"
3.4.24.64,"Mitochondrialprocessingpeptidase"
3.4.24.65,"Macrophageelastase"
3.4.24.66,"ChoriolysinL"
3.4.24.67,"ChoriolysinH"
3.4.24.68,"Tentoxilysin"
3.4.24.69,"Bontoxilysin"
3.4.24.7,"Interstitialcollagenase"
3.4.24.70,"OligopeptidaseA"
3.4.24.71,"Endothelin-convertingenzyme1"
3.4.24.72,"Fibrolase"
3.4.24.73,"Jararhagin"
3.4.24.74,"Fragilysin"
3.4.24.75,"Lysostaphin"
3.4.24.76,"Flavastacin"
3.4.24.77,"Snapalysin"
3.4.24.78,"GPRendopeptidase"
3.4.24.79,"Pappalysin-1"
3.4.24.80,"Membrane-typematrixmetalloproteinase-1"
3.4.24.81,"ADAM10endopeptidase"
3.4.24.82,"ADAMTS-4endopeptidase"
3.4.24.83,"Anthraxlethalfactorendopeptidase"
3.4.24.84,"Ste24endopeptidase"
3.4.24.85,"S2Pendopeptidase"
3.4.24.86,"ADAM17endopeptidase"
3.4.25.1,"Proteasomeendopeptidasecomplex"
3.5.1.1,"Asparaginase"
3.5.1.10,"Formyltetrahydrofolatedeformylase"
3.5.1.11,"Penicillinamidase"
3.5.1.12,"Biotinidase"
3.5.1.13,"Aryl-acylamidase"
3.5.1.14,"Aminoacylase"
3.5.1.15,"Aspartoacylase"
3.5.1.16,"Acetylornithinedeacetylase"
3.5.1.18,"Succinyl-diaminopimelatedesuccinylase"
3.5.1.19,"Nicotinamidase"
3.5.1.2,"Glutaminase"
3.5.1.23,"Ceramidase"
3.5.1.24,"Choloylglycinehydrolase"
3.5.1.25,"N-acetylglucosamine-6-phosphatedeacetylase"
3.5.1.26,"N(4)-(beta-N-acetylglucosaminyl)-L-asparaginase"
3.5.1.28,"N-acetylmuramoyl-L-alanineamidase"
3.5.1.32,"Hippuratehydrolase"
3.5.1.38,"Glutamin-(asparagin-)ase"
3.5.1.4,"Amidase"
3.5.1.41,"Chitindeacetylase"
3.5.1.44,"Protein-glutamineglutaminase"
3.5.1.46,"6-aminohexanoate-dimerhydrolase"
3.5.1.47,"N-acetyldiaminopimelatedeacetylase"
3.5.1.49,"Formamidase"
3.5.1.5,"Urease"
3.5.1.52,"Peptide-N(4)-(N-acetyl-beta-glucosaminyl)asparagineamidase"
3.5.1.53,"N-carbamoylputrescineamidase"
3.5.1.54,"Allophanatehydrolase"
3.5.1.59,"N-carbamoylsarcosineamidase"
3.5.1.6,"Beta-ureidopropionase"
3.5.1.76,"Arylalkylacylamidase"
3.5.1.77,"N-carbamoyl-D-amino-acidhydrolase"
3.5.1.78,"Glutathionylspermidineamidase"
3.5.1.79,"Phthalylamidase"
3.5.1.81,"N-acyl-D-amino-aciddeacylase"
3.5.1.82,"N-acyl-D-glutamatedeacylase"
3.5.1.83,"N-acyl-D-aspartatedeacylase"
3.5.1.87,"N-carbamoyl-L-amino-acidhydrolase"
3.5.1.88,"Peptidedeformylase"
3.5.1.89,"N-acetylglucosaminylphosphatidylinositoldeacetylase"
3.5.1.9,"Arylformamidase"
3.5.1.90,"Adenosylcobinamidehydrolase"
3.5.1.92,"Pantetheinehydrolase"
3.5.1.93,"Glutaryl-7-aminocephalosporanic-acidacylase"
3.5.1.94,"Gamma-glutamyl-gamma-aminobutyratehydrolase"
3.5.1.96,"Succinylglutamatedesuccinylase"
3.5.1.97,"Acyl-homoserine-lactoneacylase"
3.5.1.98,"Histonedeacetylase"
3.5.2.1,"Barbiturase"
3.5.2.12,"6-aminohexanoate-cyclic-dimerhydrolase"
3.5.2.15,"Cyanuricacidamidohydrolase"
3.5.2.17,"Hydroxyisouratehydrolase"
3.5.2.2,"Dihydropyrimidinase"
3.5.2.3,"Dihydroorotase"
3.5.2.5,"Allantoinase"
3.5.2.6,"Beta-lactamase"
3.5.2.7,"Imidazolonepropionase"
3.5.2.9,"5-oxoprolinase(ATP-hydrolyzing)"
3.5.3.1,"Arginase"
3.5.3.10,"D-arginase"
3.5.3.11,"Agmatinase"
3.5.3.12,"Agmatinedeiminase"
3.5.3.15,"Protein-argininedeiminase"
3.5.3.18,"Dimethylargininase"
3.5.3.19,"Ureidoglycolatehydrolase"
3.5.3.22,"Proclavaminateamidinohydrolase"
3.5.3.23,"N-succinylargininedihydrolase"
3.5.3.3,"Creatinase"
3.5.3.4,"Allantoicase"
3.5.3.6,"Argininedeiminase"
3.5.3.7,"Guanidinobutyrase"
3.5.3.8,"Formimidoylglutamase"
3.5.3.9,"Allantoatedeiminase"
3.5.4.1,"Cytosinedeaminase"
3.5.4.10,"IMPcyclohydrolase"
3.5.4.12,"dCMPdeaminase"
3.5.4.13,"dCTPdeaminase"
3.5.4.16,"GTPcyclohydrolaseI"
3.5.4.19,"Phosphoribosyl-AMPcyclohydrolase"
3.5.4.2,"Adeninedeaminase"
3.5.4.23,"Blasticidin-Sdeaminase"
3.5.4.25,"GTPcyclohydrolaseII"
3.5.4.26,"Diaminohydroxyphosphoribosylaminopyrimidinedeaminase"
3.5.4.27,"Methenyltetrahydromethanopterincyclohydrolase"
3.5.4.28,"S-adenosylhomocysteinedeaminase"
3.5.4.29,"GTPcyclohydrolaseIIa"
3.5.4.3,"Guaninedeaminase"
3.5.4.30,"dCTPdeaminase(dUMP-forming)"
3.5.4.4,"Adenosinedeaminase"
3.5.4.5,"Cytidinedeaminase"
3.5.4.6,"AMPdeaminase"
3.5.4.9,"Methenyltetrahydrofolatecyclohydrolase"
3.5.5.1,"Nitrilase"
3.5.5.4,"Cyanoalaninenitrilase"
3.5.5.7,"Aliphaticnitrilase"
3.5.5.8,"Thiocyanatehydrolase"
3.5.99.2,"Thiaminase"
3.5.99.3,"Hydroxydechloroatrazineethylaminohydrolase"
3.5.99.4,"N-isopropylammelideisopropylaminohydrolase"
3.5.99.5,"2-aminomuconatedeaminase"
3.5.99.6,"Glucosamine-6-phosphatedeaminase"
3.5.99.7,"1-aminocyclopropane-1-carboxylatedeaminase"
3.6.1.1,"Inorganicdiphosphatase"
3.6.1.10,"Endopolyphosphatase"
3.6.1.11,"Exopolyphosphatase"
3.6.1.12,"dCTPdiphosphatase"
3.6.1.13,"ADP-ribosediphosphatase"
3.6.1.15,"Nucleoside-triphosphatase"
3.6.1.16,"CDP-glyceroldiphosphatase"
3.6.1.17,"Bis(5{prime}-nucleosyl)-tetraphosphatase(asymmetrical)"
3.6.1.19,"Nucleoside-triphosphatediphosphatase"
3.6.1.22,"NAD(+)diphosphatase"
3.6.1.23,"dUTPdiphosphatase"
3.6.1.26,"CDP-diacylglyceroldiphosphatase"
3.6.1.27,"Undecaprenyl-diphosphatase"
3.6.1.28,"Thiamine-triphosphatase"
3.6.1.29,"Bis(5{prime}-adenosyl)-triphosphatase"
3.6.1.3,"Adenosinetriphosphatase"
3.6.1.31,"Phosphoribosyl-ATPdiphosphatase"
3.6.1.40,"Guanosine-5{prime}-triphosphate,3{prime}-diphosphatediphosphatase"
3.6.1.41,"Bis(5{prime}-nucleosyl)-tetraphosphatase(symmetrical)"
3.6.1.42,"Guanosine-diphosphatase"
3.6.1.43,"Dolichyldiphosphatase"
3.6.1.45,"UDP-sugardiphosphatase"
3.6.1.5,"Apyrase"
3.6.1.52,"Diphosphoinositol-polyphosphatediphosphatase"
3.6.1.53,"Mn(2+)-dependentADP-ribose/CDP-alcoholdiphosphatase"
3.6.1.6,"Nucleoside-diphosphatase"
3.6.1.7,"Acylphosphatase"
3.6.1.9,"Nucleotidediphosphatase"
3.6.3.1,"Phospholipid-translocatingATPase"
3.6.3.10,"Hydrogen/potassium-exchangingATPase"
3.6.3.12,"Potassium-transportingATPase"
3.6.3.14,"H(+)-transportingtwo-sectorATPase"
3.6.3.15,"Sodium-transportingtwo-sectorATPase"
3.6.3.16,"Arsenite-transportingATPase"
3.6.3.17,"Monosaccharide-transportingATPase"
3.6.3.19,"Maltose-transportingATPase"
3.6.3.2,"Magnesium-importingATPase"
3.6.3.20,"Glycerol-3-phosphate-transportingATPase"
3.6.3.24,"Nickel-transportingATPase"
3.6.3.25,"Sulfate-transportingATPase"
3.6.3.27,"Phosphate-transportingATPase"
3.6.3.28,"Phosphonate-transportingATPase"
3.6.3.29,"Molybdate-transportingATPase"
3.6.3.3,"Cadmium-exportingATPase"
3.6.3.30,"Fe(3+)-transportingATPase"
3.6.3.31,"Polyamine-transportingATPase"
3.6.3.32,"Quaternary-amine-transportingATPase"
3.6.3.33,"VitaminB12-transportingATPase"
3.6.3.34,"Iron-chelate-transportingATPase"
3.6.3.36,"Taurine-transportingATPase"
3.6.3.38,"Capsular-polysaccharide-transportingATPase"
3.6.3.4,"Copper-exportingATPase"
3.6.3.40,"Teichoic-acid-transportingATPase"
3.6.3.41,"Heme-transportingATPase"
3.6.3.42,"Beta-glucan-transportingATPase"
3.6.3.43,"Peptide-transportingATPase"
3.6.3.44,"Xenobiotic-transportingATPase"
3.6.3.48,"Alpha-factor-transportingATPase"
3.6.3.49,"Channel-conductance-controllingATPase"
3.6.3.5,"Zinc-exportingATPase"
3.6.3.6,"Proton-exportingATPase"
3.6.3.7,"Sodium-exportingATPase"
3.6.3.8,"Calcium-transportingATPase"
3.6.3.9,"Sodium/potassium-exchangingATPase"
3.6.4.3,"Microtubule-severingATPase"
3.6.4.6,"Vesicle-fusingATPase"
3.6.5.5,"DynaminGTPase"
3.7.1.1,"Oxaloacetase"
3.7.1.2,"Fumarylacetoacetase"
3.7.1.3,"Kynureninase"
3.8.1.10,"2-haloaciddehalogenase(configuration-inverting)"
3.8.1.2,"(S)-2-haloaciddehalogenase"
3.8.1.3,"Haloacetatedehalogenase"
3.8.1.5,"Haloalkanedehalogenase"
3.8.1.8,"Atrazinechlorohydrolase"
3.8.1.9,"(R)-2-haloaciddehalogenase"
4.1.1.1,"Pyruvatedecarboxylase"
4.1.1.11,"Aspartate1-decarboxylase"
4.1.1.15,"Glutamatedecarboxylase"
4.1.1.17,"Ornithinedecarboxylase"
4.1.1.18,"Lysinedecarboxylase"
4.1.1.19,"Argininedecarboxylase"
4.1.1.2,"Oxalatedecarboxylase"
4.1.1.20,"Diaminopimelatedecarboxylase"
4.1.1.21,"Phosphoribosylaminoimidazolecarboxylase"
4.1.1.22,"Histidinedecarboxylase"
4.1.1.23,"Orotidine-5{prime}-phosphatedecarboxylase"
4.1.1.25,"Tyrosinedecarboxylase"
4.1.1.28,"Aromatic-L-amino-aciddecarboxylase"
4.1.1.29,"Sulfinoalaninedecarboxylase"
4.1.1.3,"Oxaloacetatedecarboxylase"
4.1.1.31,"Phosphoenolpyruvatecarboxylase"
4.1.1.32,"Phosphoenolpyruvatecarboxykinase(GTP)"
4.1.1.33,"Diphosphomevalonatedecarboxylase"
4.1.1.35,"UDP-glucuronatedecarboxylase"
4.1.1.36,"Phosphopantothenoylcysteinedecarboxylase"
4.1.1.37,"Uroporphyrinogendecarboxylase"
4.1.1.39,"Ribulose-bisphosphatecarboxylase"
4.1.1.4,"Acetoacetatedecarboxylase"
4.1.1.41,"Methylmalonyl-CoAdecarboxylase"
4.1.1.44,"4-carboxymuconolactonedecarboxylase"
4.1.1.45,"Aminocarboxymuconate-semialdehydedecarboxylase"
4.1.1.46,"o-pyrocatechuatedecarboxylase"
4.1.1.47,"Tartronate-semialdehydesynthase"
4.1.1.48,"Indole-3-glycerol-phosphatesynthase"
4.1.1.49,"Phosphoenolpyruvatecarboxykinase(ATP)"
4.1.1.5,"Acetolactatedecarboxylase"
4.1.1.50,"Adenosylmethioninedecarboxylase"
4.1.1.55,"4,5-dihydroxyphthalatedecarboxylase"
4.1.1.64,"2,2-dialkylglycinedecarboxylase(pyruvate)"
4.1.1.65,"Phosphatidylserinedecarboxylase"
4.1.1.68,"5-oxopent-3-ene-1,2,5-tricarboxylatedecarboxylase"
4.1.1.7,"Benzoylformatedecarboxylase"
4.1.1.70,"Glutaconyl-CoAdecarboxylase"
4.1.1.71,"2-oxoglutaratedecarboxylase"
4.1.1.73,"Tartratedecarboxylase"
4.1.1.74,"Indolepyruvatedecarboxylase"
4.1.1.76,"Arylmalonatedecarboxylase"
4.1.1.77,"4-oxalocrotonatedecarboxylase"
4.1.1.79,"Sulfopyruvatedecarboxylase"
4.1.1.8,"Oxalyl-CoAdecarboxylase"
4.1.1.81,"Threonine-phosphatedecarboxylase"
4.1.1.82,"Phosphonopyruvatedecarboxylase"
4.1.1.84,"D-dopachromedecarboxylase"
4.1.1.85,"3-dehydro-L-gulonate-6-phosphatedecarboxylase"
4.1.1.86,"Diaminobutyratedecarboxylase"
4.1.1.9,"Malonyl-CoAdecarboxylase"
4.1.2.10,"Mandelonitrilelyase"
4.1.2.11,"Hydroxymandelonitrilelyase"
4.1.2.13,"Fructose-bisphosphatealdolase"
4.1.2.14,"2-dehydro-3-deoxy-phosphogluconatealdolase"
4.1.2.17,"L-fuculose-phosphatealdolase"
4.1.2.19,"Rhamnulose-1-phosphatealdolase"
4.1.2.20,"2-dehydro-3-deoxyglucaratealdolase"
4.1.2.21,"2-dehydro-3-deoxy-6-phosphogalactonatealdolase"
4.1.2.22,"Fructose-6-phosphatephosphoketolase"
4.1.2.25,"Dihydroneopterinaldolase"
4.1.2.27,"Sphinganine-1-phosphatealdolase"
4.1.2.29,"5-dehydro-2-deoxyphosphogluconatealdolase"
4.1.2.37,"Hydroxynitrilase"
4.1.2.38,"Benzoinaldolase"
4.1.2.4,"Deoxyribose-phosphatealdolase"
4.1.2.40,"Tagatose-bisphosphatealdolase"
4.1.2.43,"3-hexulose-6-phosphatesynthase"
4.1.2.5,"Threoninealdolase"
4.1.2.8,"Indole-3-glycerol-phosphatelyase"
4.1.2.9,"Phosphoketolase"
4.1.3.1,"Isocitratelyase"
4.1.3.16,"4-hydroxy-2-oxoglutaratealdolase"
4.1.3.22,"Citramalatelyase"
4.1.3.27,"Anthranilatesynthase"
4.1.3.3,"N-acetylneuraminatelyase"
4.1.3.30,"Methylisocitratelyase"
4.1.3.34,"Citryl-CoAlyase"
4.1.3.36,"Naphthoatesynthase"
4.1.3.38,"Aminodeoxychorismatelyase"
4.1.3.39,"4-hydroxy-2-oxovaleratealdolase"
4.1.3.4,"Hydroxymethylglutaryl-CoAlyase"
4.1.3.40,"Chorismatelyase"
4.1.3.6,"Citrate(pro-3S)-lyase"
4.1.99.1,"Tryptophanase"
4.1.99.12,"3,4-dihydroxy-2-butanone-4-phosphatesynthase"
4.1.99.2,"Tyrosinephenol-lyase"
4.1.99.3,"Deoxyribodipyrimidinephoto-lyase"
4.2.1.1,"Carbonatedehydratase"
4.2.1.10,"3-dehydroquinatedehydratase"
4.2.1.100,"Cyclohexa-1,5-dienecarbonyl-CoAhydratase"
4.2.1.104,"Cyanase"
4.2.1.106,"Bile-acid7-alpha-dehydratase"
4.2.1.107,"hydratase"
4.2.1.108,"Ectoinesynthase"
4.2.1.109,"Methylthioribulose1-phosphatedehydratase"
4.2.1.11,"Phosphopyruvatehydratase"
4.2.1.110,"Aldos-2-ulosedehydratase"
4.2.1.113,"o-succinylbenzoatesynthase"
4.2.1.12,"Phosphogluconatedehydratase"
4.2.1.17,"Enoyl-CoAhydratase"
4.2.1.18,"Methylglutaconyl-CoAhydratase"
4.2.1.19,"Imidazoleglycerol-phosphatedehydratase"
4.2.1.2,"Fumaratehydratase"
4.2.1.20,"Tryptophansynthase"
4.2.1.22,"Cystathioninebeta-synthase"
4.2.1.24,"Porphobilinogensynthase"
4.2.1.3,"Aconitatehydratase"
4.2.1.30,"Glyceroldehydratase"
4.2.1.31,"Maleatehydratase"
4.2.1.32,"L(+)-tartratedehydratase"
4.2.1.33,"3-isopropylmalatedehydratase"
4.2.1.35,"(R)-2-methylmalatedehydratase"
4.2.1.36,"Homoaconitatehydratase"
4.2.1.40,"Glucaratedehydratase"
4.2.1.41,"5-dehydro-4-deoxyglucaratedehydratase"
4.2.1.42,"Galactaratedehydratase"
4.2.1.44,"Myo-inosose-2dehydratase"
4.2.1.45,"CDP-glucose4,6-dehydratase"
4.2.1.46,"dTDP-glucose4,6-dehydratase"
4.2.1.47,"GDP-mannose4,6-dehydratase"
4.2.1.49,"Urocanatehydratase"
4.2.1.51,"Prephenatedehydratase"
4.2.1.52,"Dihydrodipicolinatesynthase"
4.2.1.55,"3-hydroxybutyryl-CoAdehydratase"
4.2.1.6,"Galactonatedehydratase"
4.2.1.60,"3-hydroxydecanoyl-[acyl-carrier-protein]dehydratase"
4.2.1.61,"3-hydroxypalmitoyl-[acyl-carrier-protein]dehydratase"
4.2.1.66,"Cyanidehydratase"
4.2.1.69,"Cyanamidehydratase"
4.2.1.7,"Altronatedehydratase"
4.2.1.75,"Uroporphyrinogen-IIIsynthase"
4.2.1.78,"(S)-norcoclaurinesynthase"
4.2.1.79,"2-methylcitratedehydratase"
4.2.1.8,"Mannonatedehydratase"
4.2.1.80,"2-oxopent-4-enoatehydratase"
4.2.1.84,"Nitrilehydratase"
4.2.1.9,"Dihydroxy-aciddehydratase"
4.2.1.90,"L-rhamnonatedehydratase"
4.2.1.91,"Arogenatedehydratase"
4.2.1.92,"Hydroperoxidedehydratase"
4.2.1.94,"Scytalonedehydratase"
4.2.1.96,"4a-hydroxytetrahydrobiopterindehydratase"
4.2.2.1,"Hyaluronatelyase"
4.2.2.10,"Pectinlyase"
4.2.2.15,"Anhydrosialidase"
4.2.2.17,"Inulinfructotransferase(DFA-I-forming)"
4.2.2.19,"ChondroitinBlyase"
4.2.2.2,"Pectatelyase"
4.2.2.20,"Chondroitin-sulfate-ABCendolyase"
4.2.2.3,"Poly(beta-D-mannuronate)lyase"
4.2.2.5,"ChondroitinAClyase"
4.2.2.6,"Oligogalacturonidelyase"
4.2.2.7,"Heparinlyase"
4.2.2.9,"Pectatedisaccharide-lyase"
4.2.3.1,"Threoninesynthase"
4.2.3.11,"Sabinene-hydratesynthase"
4.2.3.12,"6-pyruvoyltetrahydropterinsynthase"
4.2.3.13,"(+)-delta-cadinenesynthase"
4.2.3.14,"Pinenesynthase"
4.2.3.15,"Myrcenesynthase"
4.2.3.16,"(4S)-limonenesynthase"
4.2.3.17,"Taxadienesynthase"
4.2.3.18,"Abietadienesynthase"
4.2.3.19,"Ent-kaurenesynthase"
4.2.3.20,"(R)-limonenesynthase"
4.2.3.22,"Germacradienolsynthase"
4.2.3.24,"Amorpha-4,11-dienesynthase"
4.2.3.25,"S-linaloolsynthase"
4.2.3.3,"Methylglyoxalsynthase"
4.2.3.32,"Levopimaradienesynthase"
4.2.3.37,"Epi-isozizaenesynthase"
4.2.3.4,"3-dehydroquinatesynthase"
4.2.3.5,"Chorismatesynthase"
4.2.3.6,"Trichodienesynthase"
4.2.3.7,"Pentalenenesynthase"
4.2.3.8,"Casbenesynthase"
4.2.3.9,"Aristolochenesynthase"
4.2.99.18,"DNA-(apurinicorapyrimidinicsite)lyase"
4.2.99.20,"2-succinyl-6-hydroxy-2,4-cyclohexadiene-1-carboxylatesynthase"
4.3.1.1,"Aspartateammonia-lyase"
4.3.1.12,"Ornithinecyclodeaminase"
4.3.1.15,"Diaminopropionateammonia-lyase"
4.3.1.16,"Threo-3-hydroxyaspartateammonia-lyase"
4.3.1.17,"L-serineammonia-lyase"
4.3.1.18,"D-serineammonia-lyase"
4.3.1.19,"Threonineammonia-lyase"
4.3.1.2,"Methylaspartateammonia-lyase"
4.3.1.24,"Phenylalanineammonia-lyase"
4.3.1.3,"Histidineammonia-lyase"
4.3.1.4,"Formimidoyltetrahydrofolatecyclodeaminase"
4.3.1.7,"Ethanolamineammonia-lyase"
4.3.2.1,"Argininosuccinatelyase"
4.3.2.2,"Adenylosuccinatelyase"
4.3.2.5,"Peptidylamidoglycolatelyase"
4.3.3.2,"Strictosidinesynthase"
4.4.1.1,"Cystathioninegamma-lyase"
4.4.1.11,"Methioninegamma-lyase"
4.4.1.13,"Cysteine-S-conjugatebeta-lyase"
4.4.1.14,"1-aminocyclopropane-1-carboxylatesynthase"
4.4.1.15,"D-cysteinedesulfhydrase"
4.4.1.16,"Selenocysteinelyase"
4.4.1.17,"Holocytochrome-csynthase"
4.4.1.19,"Phosphosulfolactatesynthase"
4.4.1.2,"Homocysteinedesulfhydrase"
4.4.1.20,"Leukotriene-C(4)synthase"
4.4.1.21,"S-ribosylhomocysteinelyase"
4.4.1.22,"S-(hydroxymethyl)glutathionesynthase"
4.4.1.23,"2-hydroxypropyl-CoMlyase"
4.4.1.4,"Alliinlyase"
4.4.1.5,"Lactoylglutathionelyase"
4.4.1.8,"Cystathioninebeta-lyase"
4.5.1.3,"Dichloromethanedehalogenase"
4.6.1.1,"Adenylatecyclase"
4.6.1.12,"2-C-methyl-D-erythritol2,4-cyclodiphosphatesynthase"
4.6.1.13,"Phosphatidylinositoldiacylglycerol-lyase"
4.6.1.14,"Glycosylphosphatidylinositoldiacylglycerol-lyase"
4.6.1.15,"FAD-AMPlyase(cyclizing)"
4.6.1.2,"Guanylatecyclase"
4.99.1.1,"Ferrochelatase"
4.99.1.2,"Alkylmercurylyase"
4.99.1.3,"Sirohydrochlorincobaltochelatase"
4.99.1.4,"Sirohydrochlorinferrochelatase"
4.99.1.7,"Phenylacetaldoximedehydratase"
5.1.1.1,"Alanineracemase"
5.1.1.11,"Phenylalanineracemase(ATP-hydrolyzing)"
5.1.1.12,"Ornithineracemase"
5.1.1.13,"Aspartateracemase"
5.1.1.17,"Isopenicillin-Nepimerase"
5.1.1.18,"Serineracemase"
5.1.1.3,"Glutamateracemase"
5.1.1.4,"Prolineracemase"
5.1.1.7,"Diaminopimelateepimerase"
5.1.1.8,"4-hydroxyprolineepimerase"
5.1.2.2,"Mandelateracemase"
5.1.2.3,"3-hydroxybutyryl-CoAepimerase"
5.1.3.1,"Ribulose-phosphate3-epimerase"
5.1.3.10,"CDP-paratose2-epimerase"
5.1.3.12,"UDP-glucuronate5{prime}-epimerase"
5.1.3.13,"dTDP-4-dehydrorhamnose3,5-epimerase"
5.1.3.14,"UDP-N-acetylglucosamine2-epimerase"
5.1.3.18,"GDP-mannose3,5-epimerase"
5.1.3.19,"Chondroitin-glucuronate5-epimerase"
5.1.3.2,"UDP-glucose4-epimerase"
5.1.3.20,"ADP-glyceromanno-heptose6-epimerase"
5.1.3.22,"L-ribulose-5-phosphate3-epimerase"
5.1.3.3,"Aldose1-epimerase"
5.1.3.4,"L-ribulose-5-phosphate4-epimerase"
5.1.3.5,"UDP-arabinose4-epimerase"
5.1.3.6,"UDP-glucuronate4-epimerase"
5.1.3.7,"UDP-N-acetylglucosamine4-epimerase"
5.1.3.8,"N-acylglucosamine2-epimerase"
5.1.3.9,"N-acylglucosamine-6-phosphate2-epimerase"
5.1.99.1,"Methylmalonyl-CoAepimerase"
5.1.99.4,"Alpha-methylacyl-CoAracemase"
5.1.99.5,"Hydantoinracemase"
5.2.1.2,"Maleylacetoacetateisomerase"
5.2.1.4,"Maleylpyruvateisomerase"
5.2.1.8,"Peptidylprolylisomerase"
5.3.1.1,"Triose-phosphateisomerase"
5.3.1.12,"Glucuronateisomerase"
5.3.1.13,"Arabinose-5-phosphateisomerase"
5.3.1.14,"L-rhamnoseisomerase"
5.3.1.15,"D-lyxoseketol-isomerase"
5.3.1.16,"isomerase"
5.3.1.17,"4-deoxy-L-threo-5-hexosulose-uronateketol-isomerase"
5.3.1.22,"Hydroxypyruvateisomerase"
5.3.1.23,"S-methyl-5-thioribose-1-phosphateisomerase"
5.3.1.24,"Phosphoribosylanthranilateisomerase"
5.3.1.25,"L-fucoseisomerase"
5.3.1.26,"Galactose-6-phosphateisomerase"
5.3.1.27,"6-phospho-3-hexuloisomerase"
5.3.1.4,"L-arabinoseisomerase"
5.3.1.5,"Xyloseisomerase"
5.3.1.6,"Ribose-5-phosphateisomerase"
5.3.1.8,"Mannose-6-phosphateisomerase"
5.3.1.9,"Glucose-6-phosphateisomerase"
5.3.2.1,"Phenylpyruvatetautomerase"
5.3.3.1,"SteroidDelta-isomerase"
5.3.3.10,"5-carboxymethyl-2-hydroxymuconateDelta-isomerase"
5.3.3.12,"L-dopachromeisomerase"
5.3.3.2,"Isopentenyl-diphosphateDelta-isomerase"
5.3.3.3,"Vinylacetyl-CoADelta-isomerase"
5.3.3.4,"MuconolactoneDelta-isomerase"
5.3.3.5,"CholestenolDelta-isomerase"
5.3.3.8,"Dodecenoyl-CoAisomerase"
5.3.4.1,"Proteindisulfide-isomerase"
5.3.99.2,"Prostaglandin-Dsynthase"
5.3.99.3,"Prostaglandin-Esynthase"
5.3.99.4,"Prostaglandin-Isynthase"
5.3.99.5,"Thromboxane-Asynthase"
5.3.99.6,"Allene-oxidecyclase"
5.3.99.8,"Capsanthin/capsorubinsynthase"
5.4.1.2,"Precorrin-8Xmethylmutase"
5.4.2.1,"Phosphoglyceratemutase"
5.4.2.10,"Phosphoglucosaminemutase"
5.4.2.2,"Phosphoglucomutase"
5.4.2.3,"Phosphoacetylglucosaminemutase"
5.4.2.4,"Bisphosphoglyceratemutase"
5.4.2.6,"Beta-phosphoglucomutase"
5.4.2.7,"Phosphopentomutase"
5.4.2.8,"Phosphomannomutase"
5.4.2.9,"Phosphoenolpyruvatemutase"
5.4.3.2,"Lysine2,3-aminomutase"
5.4.3.8,"Glutamate-1-semialdehyde2,1-aminomutase"
5.4.4.2,"Isochorismatesynthase"
5.4.99.1,"Methylaspartatemutase"
5.4.99.12,"tRNA-pseudouridinesynthaseI"
5.4.99.15,"(1->4)-alpha-D-glucan1-alpha-D-glucosylmutase"
5.4.99.16,"Maltosealpha-D-glucosyltransferase"
5.4.99.17,"Squalene--hopenecyclase"
5.4.99.2,"Methylmalonyl-CoAmutase"
5.4.99.4,"2-methyleneglutaratemutase"
5.4.99.5,"Chorismatemutase"
5.4.99.7,"Lanosterolsynthase"
5.4.99.8,"Cycloartenolsynthase"
5.4.99.9,"UDP-galactopyranosemutase"
5.5.1.1,"Muconatecycloisomerase"
5.5.1.12,"Copalyldiphosphatesynthase"
5.5.1.13,"Ent-copalyldiphosphatesynthase"
5.5.1.2,"3-carboxy-cis,cis-muconatecycloisomerase"
5.5.1.4,"Inositol-3-phosphatesynthase"
5.5.1.5,"Carboxy-cis,cis-muconatecyclase"
5.5.1.6,"Chalconeisomerase"
5.5.1.7,"Chloromuconatecycloisomerase"
5.5.1.8,"Bornyldiphosphatesynthase"
5.5.1.9,"Cycloeucalenolcycloisomerase"
5.99.1.2,"DNAtopoisomerase"
5.99.1.3,"DNAtopoisomerase(ATP-hydrolyzing)"
6.1.1.1,"Tyrosine--tRNAligase"
6.1.1.10,"Methionine--tRNAligase"
6.1.1.11,"Serine--tRNAligase"
6.1.1.12,"Aspartate--tRNAligase"
6.1.1.13,"D-alanine--poly(phosphoribitol)ligase"
6.1.1.14,"Glycine--tRNAligase"
6.1.1.15,"Proline--tRNAligase"
6.1.1.16,"Cysteine--tRNAligase"
6.1.1.17,"Glutamate--tRNAligase"
6.1.1.18,"Glutamine--tRNAligase"
6.1.1.19,"Arginine--tRNAligase"
6.1.1.2,"Tryptophan--tRNAligase"
6.1.1.20,"Phenylalanine--tRNAligase"
6.1.1.21,"Histidine--tRNAligase"
6.1.1.22,"Asparagine--tRNAligase"
6.1.1.26,"Pyrrolysine--tRNA(Pyl)ligase"
6.1.1.3,"Threonine--tRNAligase"
6.1.1.4,"Leucine--tRNAligase"
6.1.1.5,"Isoleucine--tRNAligase"
6.1.1.6,"Lysine--tRNAligase"
6.1.1.7,"Alanine--tRNAligase"
6.1.1.9,"Valine--tRNAligase"
6.2.1.1,"Acetate--CoAligase"
6.2.1.12,"4-coumarate--CoAligase"
6.2.1.14,"6-carboxyhexanoate--CoAligase"
6.2.1.16,"Acetoacetate--CoAligase"
6.2.1.17,"Propionate--CoAligase"
6.2.1.19,"Long-chain-fatty-acid--luciferin-componentligase"
6.2.1.2,"Butyrate--CoAligase"
6.2.1.20,"Long-chain-fatty-acid--[acyl-carrier-protein]ligase"
6.2.1.22,"[Citrate(pro-3S)-lyase]ligase"
6.2.1.25,"Benzoate--CoAligase"
6.2.1.26,"o-succinylbenzoate--CoAligase"
6.2.1.27,"4-hydroxybenzoate--CoAligase"
6.2.1.3,"Long-chain-fatty-acid--CoAligase"
6.2.1.30,"Phenylacetate--CoAligase"
6.2.1.4,"Succinate--CoAligase(GDP-forming)"
6.2.1.5,"Succinate--CoAligase(ADP-forming)"
6.2.1.7,"Cholate--CoAligase"
6.2.1.9,"Malate--CoAligase"
6.3.1.1,"Aspartate--ammonialigase"
6.3.1.11,"Glutamate--putrescineligase"
6.3.1.2,"Glutamate--ammonialigase"
6.3.1.5,"NAD(+)synthase"
6.3.1.8,"Glutathionylspermidinesynthase"
6.3.1.9,"Trypanothionesynthase"
6.3.2.1,"Pantoate--beta-alanineligase"
6.3.2.10,"UDP-N-acetylmuramoyl-tripeptide--D-alanyl-D-alanineligase"
6.3.2.12,"Dihydrofolatesynthase"
6.3.2.13,"UDP-N-acetylmuramoyl-L-alanyl-D-glutamate--2,6-diaminopimelateligase"
6.3.2.17,"Tetrahydrofolatesynthase"
6.3.2.19,"Ubiquitin--proteinligase"
6.3.2.2,"Glutamate--cysteineligase"
6.3.2.20,"Indoleacetate--lysinesynthetase"
6.3.2.25,"Tubulin--tyrosineligase"
6.3.2.26,"N-(5-amino-5-carboxypentanoyl)-L-cysteinyl-D-valinesynthase"
6.3.2.28,"L-amino-acidalpha-ligase"
6.3.2.29,"Cyanophycinsynthase(L-aspartate-adding)"
6.3.2.3,"Glutathionesynthase"
6.3.2.30,"Cyanophycinsynthase(L-arginine-adding)"
6.3.2.4,"D-alanine--D-alanineligase"
6.3.2.5,"Phosphopantothenate--cysteineligase"
6.3.2.6,"Phosphoribosylaminoimidazolesuccinocarboxamidesynthase"
6.3.2.7,"UDP-N-acetylmuramoyl-L-alanyl-D-glutamate--L-lysineligase"
6.3.2.8,"UDP-N-acetylmuramate--L-alanineligase"
6.3.2.9,"UDP-N-acetylmuramoyl-L-alanine--D-glutamateligase"
6.3.3.1,"Phosphoribosylformylglycinamidinecyclo-ligase"
6.3.3.2,"5-formyltetrahydrofolatecyclo-ligase"
6.3.3.3,"Dethiobiotinsynthase"
6.3.3.4,"(Carboxyethyl)argininebeta-lactam-synthase"
6.3.4.10,"Biotin--[propionyl-CoA-carboxylase(ATP-hydrolyzing)]ligase"
6.3.4.11,"Biotin--[methylcrotonoyl-CoA-carboxylase]ligase"
6.3.4.13,"Phosphoribosylamine--glycineligase"
6.3.4.14,"Biotincarboxylase"
6.3.4.15,"Biotin--[acetyl-CoA-carboxylase]ligase"
6.3.4.16,"Carbamoyl-phosphatesynthase(ammonia)"
2.4.1.175,"Glucuronosyl-N-acetylgalactosaminyl-proteoglycan 4-beta-N-acetylgalactosaminyltransferase"
6.3.4.3,"Formate--tetrahydrofolateligase"
6.3.4.4,"Adenylosuccinatesynthase"
6.3.4.5,"Argininosuccinatesynthase"
6.3.4.6,"Ureacarboxylase"
6.3.4.9,"Biotin--[methylmalonyl-CoA-carboxytransferase]ligase"
6.3.5.1,"NAD(+)synthase(glutamine-hydrolyzing)"
6.3.5.2,"GMPsynthase(glutamine-hydrolyzing)"
6.3.5.3,"Phosphoribosylformylglycinamidinesynthase"
6.3.5.4,"Asparaginesynthase(glutamine-hydrolyzing)"
6.3.5.5,"Carbamoyl-phosphatesynthase(glutamine-hydrolyzing)"
6.4.1.1,"Pyruvatecarboxylase"
6.4.1.2,"Acetyl-CoAcarboxylase"
6.4.1.3,"Propionyl-CoAcarboxylase"
6.4.1.4,"Methylcrotonoyl-CoAcarboxylase"
6.5.1.1,"DNAligase(ATP)"
6.5.1.2,"DNAligase(NAD(+))"
6.5.1.3,"RNAligase(ATP)"
6.5.1.4,"RNA-3{prime}-phosphatecyclase"
6.6.1.1,"Magnesiumchelatase"
6.6.1.2,"Cobaltochelatase"
2.4.1.174,"Glucuronylgalactosylproteoglycan 4-beta-N-acetylgalactosaminyltransferase"
2.4.1.223,"Glucuronyl-galactosyl-proteoglycan 4-alpha-N-acetylglucosaminyltransferase"
2.4.1.102,"Beta-1,3-galactosyl-O-glycosyl-glycoprotein beta-1,6-N-acetylglucosaminyltransferase"
2.4.1.224,"Glucuronosyl-N-acetylglucosaminyl-proteoglycan 4-alpha-N-acetylglucosaminyltransferase"
2.7.8.15,"UDP-N-acetylglucosamine--dolichyl-phosphate N-acetylglucosaminephosphotransferase"
